"DESCRIPTION","DURATION IN MS","NAME","PARENT SUITE","START TIME","STATUS","STOP TIME","SUB SUITE","SUITE","TEST CLASS","TEST METHOD"
"Verifies snap 002 zero snapshot rejection.","4603","it_snap_002_zero_snapshot_rejection","Near Citizens House","Sun Feb 22 17:29:13 UTC 2026","passed","Sun Feb 22 17:29:17 UTC 2026","Snapshots","Governance Integration Tests","",""
"","0","should preserve base64 nonce format","Near Citizens House","Sun Feb 22 16:47:29 UTC 2026","passed","Sun Feb 22 16:47:29 UTC 2026","NEP-413 Verification > parseUserContextData > Positive Tests","Shared Library Unit Tests","",""
"Verifies that signatures longer than 64 bytes are rejected.","20","test_signature_too_long","Near Citizens House","Sun Feb 22 16:42:18 UTC 2026","passed","Sun Feb 22 16:42:18 UTC 2026","Signature Verification","Verified Accounts Unit Tests","",""
"Verifies block 012 unblocklist without one yocto.","44","ut_block_012_unblocklist_without_one_yocto","Near Citizens House","Sun Feb 22 16:46:44 UTC 2026","passed","Sun Feb 22 16:46:44 UTC 2026","Blocklist","Governance Unit Tests","",""
"","0","returns Account with correct account ID","Near Citizens House","Sun Feb 22 16:47:29 UTC 2026","passed","Sun Feb 22 16:47:29 UTC 2026","BackendKeyPool > Redis round-robin","Backend Key Pool Unit Tests","",""
"Upgrade test: V2-specific get_upgrade_timestamp method works after upgrade. ContractV2 records the timestamp when V1 state was migrated.","5114","test_upgrade_v2_contract_upgrade_timestamp","Near Citizens House","Sun Feb 22 16:51:15 UTC 2026","passed","Sun Feb 22 16:51:20 UTC 2026","Versioning","Verified Accounts Integration Tests","",""
"Test 2.7.2: Verifies that read operations (is_verified, get_verified_count, list_verifications) still work when the contract is paused.","4268","test_pause_allows_read_operations","Near Citizens House","Sun Feb 22 16:51:10 UTC 2026","passed","Sun Feb 22 16:51:15 UTC 2026","Pause/Unpause","Verified Accounts Integration Tests","",""
"Verifies prop 001 title empty.","41","ut_prop_001_title_empty","Near Citizens House","Sun Feb 22 16:46:45 UTC 2026","passed","Sun Feb 22 16:46:45 UTC 2026","Proposals","Governance Unit Tests","",""
"Verifies e2e 004 start delay happy path.","10644","it_e2e_004_start_delay_happy_path","Near Citizens House","Sun Feb 22 17:23:24 UTC 2026","passed","Sun Feb 22 17:23:35 UTC 2026","End-to-End","Governance Integration Tests","",""
"","1","builds valid, zero-padded account IDs","deterministic voter key helpers","Sun Feb 22 16:47:29 UTC 2026","passed","Sun Feb 22 16:47:29 UTC 2026","","","",""
"","0","uses no-vote tallies for confirmed no votes","optimistic vote reconciliation","Sun Feb 22 16:47:29 UTC 2026","passed","Sun Feb 22 16:47:29 UTC 2026","","","",""
"Verifies that verification storage fails when contract has insufficient available balance. The NEAR protocol enforces storage costs at transaction commit time, preventing state changes that would exceed the account's balance. This test dynamically calculates the drain amount based on actual storage usage to ensure reliability.","4087","test_insufficient_contract_balance_rejected","Near Citizens House","Sun Feb 22 16:51:14 UTC 2026","passed","Sun Feb 22 16:51:18 UTC 2026","Security","Verified Accounts Integration Tests","",""
"","0","should handle nonce with mixed byte values","Near Citizens House","Sun Feb 22 16:47:29 UTC 2026","passed","Sun Feb 22 16:47:29 UTC 2026","NEP-413 Verification > computeNep413Hash > Boundary Tests","Shared Library Unit Tests","",""
"","2","created -> pending before start","deriveProposalTimelineModel lifecycle coverage (contract-aligned)","Sun Feb 22 16:47:29 UTC 2026","passed","Sun Feb 22 16:47:29 UTC 2026","","","",""
"","0","active -> failed (rejected) after finalize","deriveProposalTimelineModel lifecycle coverage (contract-aligned)","Sun Feb 22 16:47:29 UTC 2026","passed","Sun Feb 22 16:47:29 UTC 2026","","","",""
"","0","documents between-retry verification","Near Citizens House","Sun Feb 22 16:47:29 UTC 2026","passed","Sun Feb 22 16:47:29 UTC 2026","key registration batch strategy","Backend Key Registration Unit Tests","",""
"Verifies refund 001 full refund on callback failed.","7120","it_refund_001_full_refund_on_callback_failed","Near Citizens House","Sun Feb 22 17:29:17 UTC 2026","passed","Sun Feb 22 17:29:25 UTC 2026","Storage","Governance Integration Tests","",""
"Verifies admin 001 add admin.","42","ut_admin_001_add_admin","Near Citizens House","Sun Feb 22 16:46:44 UTC 2026","passed","Sun Feb 22 16:46:44 UTC 2026","Admin","Governance Unit Tests","",""
"","0","uses UTF-8 byte limits like the contract","governance proposal validation","Sun Feb 22 16:47:29 UTC 2026","passed","Sun Feb 22 16:47:29 UTC 2026","","","",""
"","0","rejects extra properties (strict mode)","Analytics Event Type Safety","Sun Feb 22 16:47:29 UTC 2026","passed","Sun Feb 22 16:47:29 UTC 2026","","invalid events cause type errors","",""
"","3","should verify valid signature from correct signer","Near Citizens House","Sun Feb 22 16:47:29 UTC 2026","passed","Sun Feb 22 16:47:29 UTC 2026","NEP-413 Verification > verifyNearSignature > Happy Path","Shared Library Unit Tests","",""
"","1","rejects malformed FunctionCall","Near Citizens House","Sun Feb 22 16:47:29 UTC 2026","passed","Sun Feb 22 16:47:29 UTC 2026","External Boundary Validation > nearAccessKeyResponseSchema","Shared Library Unit Tests","",""
"Verifies that signatures with invalid length (not 64 bytes) are rejected.","3676","test_invalid_signature_length","Near Citizens House","Sun Feb 22 16:51:10 UTC 2026","passed","Sun Feb 22 16:51:14 UTC 2026","Input Validation","Verified Accounts Integration Tests","",""
"Verifies e2e 008 concurrentproposals independent.","23738","it_e2e_008_concurrentproposals_independent","Near Citizens House","Sun Feb 22 17:24:14 UTC 2026","passed","Sun Feb 22 17:24:38 UTC 2026","End-to-End","Governance Integration Tests","",""
"Verifies prop double finalize.","102","ut_prop_double_finalize","Near Citizens House","Sun Feb 22 16:46:45 UTC 2026","passed","Sun Feb 22 16:46:45 UTC 2026","Proposals","Governance Unit Tests","",""
"","1","accepts standard named accounts","Near Citizens House","Sun Feb 22 16:47:29 UTC 2026","passed","Sun Feb 22 16:47:29 UTC 2026","NEAR Account Validation > nearNamedAccountSchema > valid named accounts","Shared Library Unit Tests","",""
"","2","catches all errors during execution","Near Citizens House","Sun Feb 22 16:47:29 UTC 2026","passed","Sun Feb 22 16:47:29 UTC 2026","never throws guarantee","Backend Key Registration Unit Tests","",""
"","2","accepts valid RPC response with FullAccess string","Near Citizens House","Sun Feb 22 16:47:29 UTC 2026","passed","Sun Feb 22 16:47:29 UTC 2026","External Boundary Validation > nearAccessKeyResponseSchema","Shared Library Unit Tests","",""
"","0","recognizes 'Server error' as retryable","Near Citizens House","Sun Feb 22 16:47:29 UTC 2026","passed","Sun Feb 22 16:47:29 UTC 2026","isRetryableError (tested via message patterns)","Backend Key Registration Unit Tests","",""
"","0","accepts implicit accounts","Near Citizens House","Sun Feb 22 16:47:29 UTC 2026","passed","Sun Feb 22 16:47:29 UTC 2026","NEAR Account Validation > nearAccountIdSchema","Shared Library Unit Tests","",""
"Verifies mig 001 migrate without one yocto.","56","ut_mig_001_migrate_without_one_yocto","Near Citizens House","Sun Feb 22 16:46:45 UTC 2026","passed","Sun Feb 22 16:46:45 UTC 2026","Migration","Governance Unit Tests","",""
"","0","rejects whitespace","Near Citizens House","Sun Feb 22 16:47:29 UTC 2026","passed","Sun Feb 22 16:47:29 UTC 2026","NEAR Account Validation > nearAccountIdSchema","Shared Library Unit Tests","",""
"Verifies config 003 update verified contract locked by pending.","56","ut_config_003_update_verified_contract_locked_by_pending","Near Citizens House","Sun Feb 22 16:46:44 UTC 2026","passed","Sun Feb 22 16:46:44 UTC 2026","Configuration","Governance Unit Tests","",""
"Verifies that the contract initializes correctly with proper backend wallet, zero count, and unpaused state.","2696","test_contract_initialization","Near Citizens House","Sun Feb 22 16:51:10 UTC 2026","passed","Sun Feb 22 16:51:13 UTC 2026","Initialization","Verified Accounts Integration Tests","",""
"Verifies prop finalize all no votes.","84","ut_prop_finalize_all_no_votes","Near Citizens House","Sun Feb 22 16:46:45 UTC 2026","passed","Sun Feb 22 16:46:45 UTC 2026","Proposals","Governance Unit Tests","",""
"Verifies prop 002 description too long.","41","ut_prop_002_description_too_long","Near Citizens House","Sun Feb 22 16:46:45 UTC 2026","passed","Sun Feb 22 16:46:45 UTC 2026","Proposals","Governance Unit Tests","",""
"Verifies that a tampered signature fails NEP-413 verification.","29","test_invalid_signature_contents","Near Citizens House","Sun Feb 22 16:42:18 UTC 2026","passed","Sun Feb 22 16:42:18 UTC 2026","Signature Verification","Verified Accounts Unit Tests","",""
"","0","rejects uppercase hex","Near Citizens House","Sun Feb 22 16:47:29 UTC 2026","passed","Sun Feb 22 16:47:29 UTC 2026","NEAR Account Validation > nearImplicitAccountSchema > invalid implicit accounts","Shared Library Unit Tests","",""
"Verifies admin 005 remove admin not found.","69","ut_admin_005_remove_admin_not_found","Near Citizens House","Sun Feb 22 16:46:44 UTC 2026","passed","Sun Feb 22 16:46:44 UTC 2026","Admin","Governance Unit Tests","",""
"Verifies snap 002 invalid promise results count.","56","ut_snap_002_invalid_promise_results_count","Near Citizens House","Sun Feb 22 16:46:44 UTC 2026","passed","Sun Feb 22 16:46:44 UTC 2026","Callbacks","Governance Unit Tests","",""
"","0","recognizes AddKeyAlreadyExists error pattern","Near Citizens House","Sun Feb 22 16:47:29 UTC 2026","passed","Sun Feb 22 16:47:29 UTC 2026","isAlreadyExistsError (tested via message patterns)","Backend Key Registration Unit Tests","",""
"Verifies mig 002 migrate non admin with one yocto.","42","ut_mig_002_migrate_non_admin_with_one_yocto","Near Citizens House","Sun Feb 22 16:46:45 UTC 2026","passed","Sun Feb 22 16:46:45 UTC 2026","Migration","Governance Unit Tests","",""
"Verifies store 001b deposit attached when free partial refund.","7121","it_store_001b_deposit_attached_when_free_partial_refund","Near Citizens House","Sun Feb 22 17:30:57 UTC 2026","passed","Sun Feb 22 17:31:04 UTC 2026","Storage","Governance Integration Tests","",""
"Verifies prop 001 description empty.","47","ut_prop_001_description_empty","Near Citizens House","Sun Feb 22 16:46:45 UTC 2026","passed","Sun Feb 22 16:46:45 UTC 2026","Proposals","Governance Unit Tests","",""
"Verifies vote 007b is vote free changes after storage increase.","53","ut_vote_007b_is_vote_free_changes_after_storage_increase","Near Citizens House","Sun Feb 22 16:46:45 UTC 2026","passed","Sun Feb 22 16:46:45 UTC 2026","Voting","Governance Unit Tests","",""
"Verifies prop err 006 finalize not active.","15668","it_prop_err_006_finalize_not_active","Near Citizens House","Sun Feb 22 17:27:32 UTC 2026","passed","Sun Feb 22 17:27:48 UTC 2026","Proposals","Governance Integration Tests","",""
"Verifies that unauthorized accounts cannot store verifications. Security-critical test.","4214","test_unauthorized_store_verification","Near Citizens House","Sun Feb 22 16:51:10 UTC 2026","passed","Sun Feb 22 16:51:15 UTC 2026","Access Control","Verified Accounts Integration Tests","",""
"Verifies that user_context_data at the 4096 character limit is accepted.","27","test_user_context_data_max_length_allowed","Near Citizens House","Sun Feb 22 16:42:18 UTC 2026","passed","Sun Feb 22 16:42:18 UTC 2026","Input Validation","Verified Accounts Unit Tests","",""
"Verifies that user_context_data at exactly the maximum limit (4096 bytes) is accepted.","3732","test_max_length_user_context_data","Near Citizens House","Sun Feb 22 16:51:10 UTC 2026","passed","Sun Feb 22 16:51:14 UTC 2026","Edge Cases","Verified Accounts Integration Tests","",""
"","0","accepts 64 lowercase hex chars","Near Citizens House","Sun Feb 22 16:47:29 UTC 2026","passed","Sun Feb 22 16:47:29 UTC 2026","NEAR Account Validation > nearImplicitAccountSchema > valid implicit accounts","Shared Library Unit Tests","",""
"","2","should return error for invalid public key","Near Citizens House","Sun Feb 22 16:47:29 UTC 2026","passed","Sun Feb 22 16:47:29 UTC 2026","NEP-413 Verification > verifyNearSignature > Negative Tests","Shared Library Unit Tests","",""
"Verifies init 003b quorum bps below min.","45","ut_init_003b_quorum_bps_below_min","Near Citizens House","Sun Feb 22 16:46:45 UTC 2026","passed","Sun Feb 22 16:46:45 UTC 2026","Initialization","Governance Unit Tests","",""
"Verifies vote 004 duplicate vote prevention.","87","ut_vote_004_duplicate_vote_prevention","Near Citizens House","Sun Feb 22 16:46:45 UTC 2026","passed","Sun Feb 22 16:46:45 UTC 2026","Voting","Governance Unit Tests","",""
"Verifies vote async 002 callback executes after finalize.","18191","it_vote_async_002_callback_executes_after_finalize","Near Citizens House","Sun Feb 22 17:32:10 UTC 2026","passed","Sun Feb 22 17:32:28 UTC 2026","Async Voting","Governance Integration Tests","",""
"","61","derives same key for same master key and index (deterministic)","Near Citizens House","Sun Feb 22 16:47:29 UTC 2026","passed","Sun Feb 22 16:47:29 UTC 2026","BackendKeyPool > key derivation","Backend Key Pool Unit Tests","",""
"","0","should handle input exceeding typical maximum length","Near Citizens House","Sun Feb 22 16:47:29 UTC 2026","passed","Sun Feb 22 16:47:29 UTC 2026","NEP-413 Verification > parseUserContextData > Boundary Tests","Shared Library Unit Tests","",""
"Verifies the same NEAR account cannot be verified twice even with new signatures/nullifiers.","32","test_double_verification_rejected","Near Citizens House","Sun Feb 22 16:42:18 UTC 2026","passed","Sun Feb 22 16:42:18 UTC 2026","Store Verification","Verified Accounts Unit Tests","",""
"","0","active at end boundary","deriveProposalTimelineModel lifecycle coverage (contract-aligned)","Sun Feb 22 16:47:29 UTC 2026","passed","Sun Feb 22 16:47:29 UTC 2026","","","",""
"Verifies init 008b max start delay above max.","28","ut_init_008b_max_start_delay_above_max","Near Citizens House","Sun Feb 22 16:46:45 UTC 2026","passed","Sun Feb 22 16:46:45 UTC 2026","Initialization","Governance Unit Tests","",""
"Verifies that unpause requires exactly 1 yoctoNEAR deposit.","4217","test_unpause_requires_one_yocto","Near Citizens House","Sun Feb 22 16:51:10 UTC 2026","passed","Sun Feb 22 16:51:15 UTC 2026","Pause/Unpause","Verified Accounts Integration Tests","",""
"Verifies config 002 update voting period while pending and applies only to future proposals.","64","ut_config_002_update_voting_period_while_pending","Near Citizens House","Sun Feb 22 16:46:44 UTC 2026","passed","Sun Feb 22 16:46:44 UTC 2026","Configuration","Governance Unit Tests","",""
"","0","should have type as required","SumSub webhook schema drift detection","Sun Feb 22 16:47:29 UTC 2026","passed","Sun Feb 22 16:47:29 UTC 2026","","","",""
"Test 1.1.6: Verifies that the contract can be initialized with an implicit account (64 hex chars) as backend wallet.","2772","test_init_with_implicit_account_backend","Near Citizens House","Sun Feb 22 16:51:10 UTC 2026","passed","Sun Feb 22 16:51:13 UTC 2026","Initialization","Verified Accounts Integration Tests","",""
"Verifies view 007 is blocklisted true false.","55","ut_view_007_is_blocklisted_true_false","Near Citizens House","Sun Feb 22 16:46:45 UTC 2026","passed","Sun Feb 22 16:46:45 UTC 2026","View","Governance Unit Tests","",""
"Verifies prop 006b deferred start ends at from start.","42","ut_prop_006b_deferred_start_ends_at_from_start","Near Citizens House","Sun Feb 22 16:46:45 UTC 2026","passed","Sun Feb 22 16:46:45 UTC 2026","Proposals","Governance Unit Tests","",""
"Verifies prop 002 title too long.","42","ut_prop_002_title_too_long","Near Citizens House","Sun Feb 22 16:46:45 UTC 2026","passed","Sun Feb 22 16:46:45 UTC 2026","Proposals","Governance Unit Tests","",""
"Verifies vote async 005 clear stale pending vote unblocks finalize.","19205","it_vote_async_005_clear_stale_pending_vote_unblocks_finalize","Near Citizens House","Sun Feb 22 17:32:42 UTC 2026","passed","Sun Feb 22 17:33:01 UTC 2026","Async Voting","Governance Integration Tests","",""
"Verifies vote 008 same voter two proposals.","81","ut_vote_008_same_voter_two_proposals","Near Citizens House","Sun Feb 22 16:46:45 UTC 2026","passed","Sun Feb 22 16:46:45 UTC 2026","Voting","Governance Unit Tests","",""
"Verifies vote cb 002 invalid promise results count.","78","ut_vote_cb_002_invalid_promise_results_count","Near Citizens House","Sun Feb 22 16:46:44 UTC 2026","passed","Sun Feb 22 16:46:44 UTC 2026","Callbacks","Governance Unit Tests","",""
"","0","recognizes 'timeout' as retryable","Near Citizens House","Sun Feb 22 16:47:29 UTC 2026","passed","Sun Feb 22 16:47:29 UTC 2026","isRetryableError (tested via message patterns)","Backend Key Registration Unit Tests","",""
"Verifies block 007 clear stale blocklist op.","4973","it_block_007_clear_stale_blocklist_op","Near Citizens House","Sun Feb 22 17:09:54 UTC 2026","passed","Sun Feb 22 17:09:59 UTC 2026","Blocklist","Governance Integration Tests","",""
"Verifies prop 013 quorum calculation boundaries.","334","ut_prop_013_quorum_calculation_boundaries","Near Citizens House","Sun Feb 22 16:46:45 UTC 2026","passed","Sun Feb 22 16:46:45 UTC 2026","Proposals","Governance Unit Tests","",""
"","0","identifies named accounts","Near Citizens House","Sun Feb 22 16:47:29 UTC 2026","passed","Sun Feb 22 16:47:29 UTC 2026","NEAR Account Validation > getNearAccountType","Shared Library Unit Tests","",""
"Verifies block 002 blocklist pending op prevention.","72","ut_block_002_blocklist_pending_op_prevention","Near Citizens House","Sun Feb 22 16:46:44 UTC 2026","passed","Sun Feb 22 16:46:44 UTC 2026","Blocklist","Governance Unit Tests","",""
"Verifies that store_verification requires exactly 1 yoctoNEAR deposit. This prevents accidental calls and provides a small security measure.","4770","test_store_verification_requires_one_yocto","Near Citizens House","Sun Feb 22 16:51:10 UTC 2026","passed","Sun Feb 22 16:51:15 UTC 2026","Access Control","Verified Accounts Integration Tests","",""
"","0","recognizes 'Exceeded' as retryable","Near Citizens House","Sun Feb 22 16:47:29 UTC 2026","passed","Sun Feb 22 16:47:29 UTC 2026","isRetryableError (tested via message patterns)","Backend Key Registration Unit Tests","",""
"","0","should have applicantId as required","SumSub webhook schema drift detection","Sun Feb 22 16:47:29 UTC 2026","passed","Sun Feb 22 16:47:29 UTC 2026","","","",""
"Verifies signatures signed by a different key than the declared account are rejected.","31","test_signature_from_different_key_rejected","Near Citizens House","Sun Feb 22 16:42:18 UTC 2026","passed","Sun Feb 22 16:42:18 UTC 2026","Signature Verification","Verified Accounts Unit Tests","",""
"Verifies config 012 update max start delay while active.","70","ut_config_012_update_max_start_delay_while_active","Near Citizens House","Sun Feb 22 16:46:44 UTC 2026","passed","Sun Feb 22 16:46:45 UTC 2026","Configuration","Governance Unit Tests","",""
"Verifies block 011b blocklist requires sufficient prepaid gas.","56","ut_block_011b_blocklist_requires_sufficient_prepaid_gas","Near Citizens House","Sun Feb 22 16:46:44 UTC 2026","passed","Sun Feb 22 16:46:44 UTC 2026","Blocklist","Governance Unit Tests","",""
"","0","maps admin and blocklist contract codes to readable messages","getTransactionFailureMessage","Sun Feb 22 16:47:29 UTC 2026","passed","Sun Feb 22 16:47:29 UTC 2026","","","",""
"Verifies json 004 list proposals u64 fields.","57","ut_json_004_list_proposals_u64_fields","Near Citizens House","Sun Feb 22 16:46:45 UTC 2026","passed","Sun Feb 22 16:46:45 UTC 2026","JSON Events","Governance Unit Tests","",""
"","0","rejects uppercase hex","Near Citizens House","Sun Feb 22 16:47:29 UTC 2026","passed","Sun Feb 22 16:47:29 UTC 2026","NEAR Account Validation > ethImplicitAccountSchema > invalid ETH-implicit accounts","Shared Library Unit Tests","",""
"Verifies view 009 list votes limit too large.","38","ut_view_009_list_votes_limit_too_large","Near Citizens House","Sun Feb 22 16:46:45 UTC 2026","passed","Sun Feb 22 16:46:45 UTC 2026","View","Governance Unit Tests","",""
"","0","active -> succeeded after finalize","deriveProposalTimelineModel lifecycle coverage (contract-aligned)","Sun Feb 22 16:47:29 UTC 2026","passed","Sun Feb 22 16:47:29 UTC 2026","","","",""
"","0","shows blocklisted ineligible state","deriveVotePanelState","Sun Feb 22 16:47:29 UTC 2026","passed","Sun Feb 22 16:47:29 UTC 2026","","","",""
"Verifies event 007 pending vote cleared payload types.","58","ut_event_007_pending_vote_cleared_payload_types","Near Citizens House","Sun Feb 22 16:46:45 UTC 2026","passed","Sun Feb 22 16:46:45 UTC 2026","JSON Events","Governance Unit Tests","",""
"","1","keeps non-admin proposals routes gated even when override is enabled","proxy governance admin route override","Sun Feb 22 16:47:29 UTC 2026","passed","Sun Feb 22 16:47:29 UTC 2026","","","",""
"Verifies e2e 007 cancel after ends at.","17184","it_e2e_007_cancel_after_ends_at","Near Citizens House","Sun Feb 22 17:23:57 UTC 2026","passed","Sun Feb 22 17:24:14 UTC 2026","End-to-End","Governance Integration Tests","",""
"Verifies that are_verified rejects batch queries exceeding maximum size of 100 accounts.","56","test_batch_size_exceeded_are_verified","Near Citizens House","Sun Feb 22 16:42:18 UTC 2026","passed","Sun Feb 22 16:42:18 UTC 2026","Input Validation","Verified Accounts Unit Tests","",""
"","0","test_verification_json_roundtrip","Near Citizens House","Sun Feb 22 16:42:18 UTC 2026","passed","Sun Feb 22 16:42:18 UTC 2026","Serialization","Verified Accounts Interface Tests","",""
"","0","test_verification_summary_json_roundtrip","Near Citizens House","Sun Feb 22 16:42:18 UTC 2026","passed","Sun Feb 22 16:42:18 UTC 2026","Serialization","Verified Accounts Interface Tests","",""
"Verifies that calling unpause() when not paused fails with descriptive error.","33","test_unpause_when_not_paused_rejected","Near Citizens House","Sun Feb 22 16:42:18 UTC 2026","passed","Sun Feb 22 16:42:18 UTC 2026","Pause/Unpause","Verified Accounts Unit Tests","",""
"","0","shows scheduled state for active proposals that have not started","deriveVotePanelState","Sun Feb 22 16:47:29 UTC 2026","passed","Sun Feb 22 16:47:29 UTC 2026","","","",""
"Verifies that calling pause() when already paused fails with descriptive error.","56","test_double_pause_rejected","Near Citizens House","Sun Feb 22 16:42:18 UTC 2026","passed","Sun Feb 22 16:42:18 UTC 2026","Pause/Unpause","Verified Accounts Unit Tests","",""
"","0","returns null for invalid accounts","Near Citizens House","Sun Feb 22 16:47:29 UTC 2026","passed","Sun Feb 22 16:47:29 UTC 2026","NEAR Account Validation > getNearAccountType","Shared Library Unit Tests","",""
"Verifies admin 014 remove admin without one yocto.","42","ut_admin_014_remove_admin_without_one_yocto","Near Citizens House","Sun Feb 22 16:46:44 UTC 2026","passed","Sun Feb 22 16:46:44 UTC 2026","Admin","Governance Unit Tests","",""
"Verifies init 006 min proposal bond max.","28","ut_init_006_min_proposal_bond_max","Near Citizens House","Sun Feb 22 16:46:45 UTC 2026","passed","Sun Feb 22 16:46:45 UTC 2026","Initialization","Governance Unit Tests","",""
"","0","should return null for malformed JSON","Near Citizens House","Sun Feb 22 16:47:29 UTC 2026","passed","Sun Feb 22 16:47:29 UTC 2026","NEP-413 Verification > parseUserContextData > Negative Tests","Shared Library Unit Tests","",""
"Verifies prop 013d quorum exact division.","115","ut_prop_013d_quorum_exact_division","Near Citizens House","Sun Feb 22 16:46:45 UTC 2026","passed","Sun Feb 22 16:46:45 UTC 2026","Proposals","Governance Unit Tests","",""
"","1","redirects /proposals/admin to stage home when override is disabled","proxy governance admin route override","Sun Feb 22 16:47:29 UTC 2026","passed","Sun Feb 22 16:47:29 UTC 2026","","","",""
"","0","should accept a valid minimal webhook payload","SumSub webhook schema drift detection","Sun Feb 22 16:47:29 UTC 2026","passed","Sun Feb 22 16:47:29 UTC 2026","","","",""
"Verifies event 001 proposal created payload types.","41","ut_event_001_proposal_created_payload_types","Near Citizens House","Sun Feb 22 16:46:45 UTC 2026","passed","Sun Feb 22 16:46:45 UTC 2026","JSON Events","Governance Unit Tests","",""
"","3","runs in development with FORCE_KEY_REGISTRATION=true","Near Citizens House","Sun Feb 22 16:47:29 UTC 2026","passed","Sun Feb 22 16:47:29 UTC 2026","environment checks","Backend Key Registration Unit Tests","",""
"
## Purpose
Verifies that VersionedVerification enum discriminants remain constant for record migration.

## Why This Matters
- If VersionedVerification::V1 discriminant changes, existing records become unreadable
- Lazy migration relies on correctly deserializing V1 records

## Expected Values
- V1: 0x00
","0","test_versioned_verification_discriminants_are_stable","Near Citizens House","Sun Feb 22 16:42:18 UTC 2026","passed","Sun Feb 22 16:42:18 UTC 2026","Storage Stability","Verified Accounts Unit Tests","",""
"Verifies prop 005b start at at max boundary.","43","ut_prop_005b_start_at_at_max_boundary","Near Citizens House","Sun Feb 22 16:46:45 UTC 2026","passed","Sun Feb 22 16:46:45 UTC 2026","Proposals","Governance Unit Tests","",""
"","0","should handle JSON with null bytes","Near Citizens House","Sun Feb 22 16:47:29 UTC 2026","passed","Sun Feb 22 16:47:29 UTC 2026","NEP-413 Verification > parseUserContextData > Edge Cases","Shared Library Unit Tests","",""
"","0","returns tx_failed when execution fails","resolveGovernanceVoteOutcome","Sun Feb 22 16:47:29 UTC 2026","passed","Sun Feb 22 16:47:29 UTC 2026","","","",""
"","1","upserts records and keeps deterministic index ordering","deterministic voter manifest helpers","Sun Feb 22 16:47:29 UTC 2026","passed","Sun Feb 22 16:47:29 UTC 2026","","","",""
"Upgrade test: Contract state fields (backend_wallet, paused) persist across upgrade.","3616","test_upgrade_preserves_contract_state","Near Citizens House","Sun Feb 22 16:51:15 UTC 2026","passed","Sun Feb 22 16:51:18 UTC 2026","Versioning","Verified Accounts Integration Tests","",""
"Verifies refund 007 partial refund on success.","7121","it_refund_007_partial_refund_on_success","Near Citizens House","Sun Feb 22 17:30:25 UTC 2026","passed","Sun Feb 22 17:30:32 UTC 2026","Storage","Governance Integration Tests","",""
"","0","should handle hex with leading zeros","Near Citizens House","Sun Feb 22 16:47:29 UTC 2026","passed","Sun Feb 22 16:47:29 UTC 2026","NEP-413 Verification > parseUserContextData > Edge Cases","Shared Library Unit Tests","",""
"","0","pending -> failed (pending_expired) before start","deriveProposalTimelineModel lifecycle coverage (contract-aligned)","Sun Feb 22 16:47:29 UTC 2026","passed","Sun Feb 22 16:47:29 UTC 2026","","","",""
"","0","rejects invalid domain","Analytics Event Type Safety","Sun Feb 22 16:47:29 UTC 2026","passed","Sun Feb 22 16:47:29 UTC 2026","","invalid events cause type errors","",""
"","0","accepts named accounts","Near Citizens House","Sun Feb 22 16:47:29 UTC 2026","passed","Sun Feb 22 16:47:29 UTC 2026","NEAR Account Validation > nearAccountIdSchema","Shared Library Unit Tests","",""
"Verifies prop 008b expire pending on non pending.","227","ut_prop_008b_expire_pending_on_non_pending","Near Citizens House","Sun Feb 22 16:46:45 UTC 2026","passed","Sun Feb 22 16:46:45 UTC 2026","Proposals","Governance Unit Tests","",""
"","0","returns citizens-impact tags for blocklist updates","rpc-tags helpers","Sun Feb 22 16:47:29 UTC 2026","passed","Sun Feb 22 16:47:29 UTC 2026","","","",""
"Verifies sec 002 non admin cannot call admin methods.","13173","it_sec_002_non_admin_cannot_call_admin_methods","Near Citizens House","Sun Feb 22 17:28:39 UTC 2026","passed","Sun Feb 22 17:28:52 UTC 2026","Security","Governance Integration Tests","",""
"Verifies config 002 update voting period while active and preserves existing proposal end time.","151","ut_config_002_update_voting_period_while_active","Near Citizens House","Sun Feb 22 16:46:44 UTC 2026","passed","Sun Feb 22 16:46:45 UTC 2026","Configuration","Governance Unit Tests","",""
"Verifies vote 006 deposit required when storage insufficient.","77","ut_vote_006_deposit_required_when_storage_insufficient","Near Citizens House","Sun Feb 22 16:46:45 UTC 2026","passed","Sun Feb 22 16:46:45 UTC 2026","Voting","Governance Unit Tests","",""
"Verifies prop 015 pending expiry distinct.","42","ut_prop_015_pending_expiry_distinct","Near Citizens House","Sun Feb 22 16:46:45 UTC 2026","passed","Sun Feb 22 16:46:45 UTC 2026","Proposals","Governance Unit Tests","",""
"Verifies init 003c quorum bps above max.","28","ut_init_003c_quorum_bps_above_max","Near Citizens House","Sun Feb 22 16:46:45 UTC 2026","passed","Sun Feb 22 16:46:45 UTC 2026","Initialization","Governance Unit Tests","",""
"","1","rejects payload above max base64 length","relayRequestSchema","Sun Feb 22 16:47:29 UTC 2026","passed","Sun Feb 22 16:47:29 UTC 2026","","","",""
"","0","has 1000ms base delay","Near Citizens House","Sun Feb 22 16:47:29 UTC 2026","passed","Sun Feb 22 16:47:29 UTC 2026","retry configuration","Backend Key Registration Unit Tests","",""
"","1","accepts valid base64 payload within limit","relayRequestSchema","Sun Feb 22 16:47:29 UTC 2026","passed","Sun Feb 22 16:47:29 UTC 2026","","","",""
"Verifies that update_backend_wallet requires exactly 1 yoctoNEAR deposit.","4219","test_update_backend_wallet_requires_one_yocto","Near Citizens House","Sun Feb 22 16:51:10 UTC 2026","passed","Sun Feb 22 16:51:15 UTC 2026","Access Control","Verified Accounts Integration Tests","",""
"Verifies e2e 010 lifecycle continuity after cancel.","7119","it_e2e_010_lifecycle_continuity_after_cancel","Near Citizens House","Sun Feb 22 17:24:45 UTC 2026","passed","Sun Feb 22 17:24:52 UTC 2026","End-to-End","Governance Integration Tests","",""
"Verifies that only the current backend wallet can update the backend wallet and unauthorized accounts are rejected.","59","test_unauthorized_update_backend_wallet","Near Citizens House","Sun Feb 22 16:42:18 UTC 2026","passed","Sun Feb 22 16:42:18 UTC 2026","Backend Wallet Management","Verified Accounts Unit Tests","",""
"Verifies config 007 update max start delay boundaries.","94","ut_config_007_update_max_start_delay_boundaries","Near Citizens House","Sun Feb 22 16:46:44 UTC 2026","passed","Sun Feb 22 16:46:45 UTC 2026","Configuration","Governance Unit Tests","",""
"Verifies that signature_data.recipient must match the contract account.","4266","test_recipient_mismatch","Near Citizens House","Sun Feb 22 16:51:10 UTC 2026","passed","Sun Feb 22 16:51:15 UTC 2026","Input Validation","Verified Accounts Integration Tests","",""
"","2","should handle empty challenge message","Near Citizens House","Sun Feb 22 16:47:29 UTC 2026","passed","Sun Feb 22 16:47:29 UTC 2026","NEP-413 Verification > verifyNearSignature > Edge Cases","Shared Library Unit Tests","",""
"","1","shows ended-with-vote when vote exists","deriveVotePanelState","Sun Feb 22 16:47:29 UTC 2026","passed","Sun Feb 22 16:47:29 UTC 2026","","","",""
"Verifies prop err 009 unblocklist locked by active.","21730","it_prop_err_009_unblocklist_locked_by_active","Near Citizens House","Sun Feb 22 17:27:59 UTC 2026","passed","Sun Feb 22 17:28:21 UTC 2026","Proposals","Governance Integration Tests","",""
"Verifies vote cb 006b submitted at boundary accepts.","85","ut_vote_cb_006b_submitted_at_boundary_accepts","Near Citizens House","Sun Feb 22 16:46:44 UTC 2026","passed","Sun Feb 22 16:46:44 UTC 2026","Callbacks","Governance Unit Tests","",""
"","0","accepts numeric-only accounts","Near Citizens House","Sun Feb 22 16:47:29 UTC 2026","passed","Sun Feb 22 16:47:29 UTC 2026","NEAR Account Validation > nearNamedAccountSchema > valid named accounts","Shared Library Unit Tests","",""
"","0","rejects invalid vote choices","castVoteArgsSchema","Sun Feb 22 16:47:29 UTC 2026","passed","Sun Feb 22 16:47:29 UTC 2026","","","",""
"Verifies bond 004 retained after pending expired.","7131","it_bond_004_retained_after_pending_expired","Near Citizens House","Sun Feb 22 17:19:37 UTC 2026","passed","Sun Feb 22 17:19:44 UTC 2026","Bond","Governance Integration Tests","",""
"Verifies block 016 blocklisting all verified accounts yields zero snapshot and non-votable proposal.","11160","it_block_016_all_verified_blocklisted_yields_zero_snapshot","Near Citizens House","Sun Feb 22 17:13:12 UTC 2026","passed","Sun Feb 22 17:13:23 UTC 2026","Blocklist","Governance Integration Tests","",""
"Verifies event 003 proposal finalized payload types.","69","ut_event_003_proposal_finalized_payload_types","Near Citizens House","Sun Feb 22 16:46:45 UTC 2026","passed","Sun Feb 22 16:46:45 UTC 2026","JSON Events","Governance Unit Tests","",""
"Verifies config 003 update verified contract when idle.","6645","it_config_003_update_verified_contract_when_idle","Near Citizens House","Sun Feb 22 17:20:08 UTC 2026","passed","Sun Feb 22 17:20:15 UTC 2026","Configuration","Governance Integration Tests","",""
"Verifies init 006c min bond above max.","29","ut_init_006c_min_bond_above_max","Near Citizens House","Sun Feb 22 16:46:45 UTC 2026","passed","Sun Feb 22 16:46:45 UTC 2026","Initialization","Governance Unit Tests","",""
"Migrate function test: migrate() should fail if called by non-contract account. The #[private] attribute ensures only the contract account can call migrate().","4099","test_migrate_fails_when_called_by_non_contract_account","Near Citizens House","Sun Feb 22 16:51:14 UTC 2026","passed","Sun Feb 22 16:51:18 UTC 2026","Versioning","Verified Accounts Integration Tests","",""
"Verifies event 006 config updated payload types.","42","ut_event_006_config_updated_payload_types","Near Citizens House","Sun Feb 22 16:46:45 UTC 2026","passed","Sun Feb 22 16:46:45 UTC 2026","JSON Events","Governance Unit Tests","",""
"Verifies that replay attempts are rejected by account uniqueness.","3586","test_signature_replay_rejected","Near Citizens House","Sun Feb 22 16:51:14 UTC 2026","passed","Sun Feb 22 16:51:17 UTC 2026","Security","Verified Accounts Integration Tests","",""
"Verifies prop 013b tied votes pass.","128","ut_prop_013b_tied_votes_pass","Near Citizens House","Sun Feb 22 16:46:45 UTC 2026","passed","Sun Feb 22 16:46:45 UTC 2026","Proposals","Governance Unit Tests","",""
"
## Purpose
Verifies that StorageKey enum discriminants remain constant across contract versions.
These discriminants are used as storage prefixes for NEAR SDK collections.

## Why This Matters
- If StorageKey::Accounts changes from 0x00 to 0x01, all existing verifications become orphaned
- This is a **silent data corruption** bug - contract deploys but data is lost
- Borsh uses enum declaration order to assign discriminants (0x00, 0x01, 0x02...)

## Expected Values
- Accounts: 0x00
","0","test_storage_key_discriminants_are_stable","Near Citizens House","Sun Feb 22 16:42:18 UTC 2026","passed","Sun Feb 22 16:42:18 UTC 2026","Storage Stability","Verified Accounts Unit Tests","",""
"Verifies vote cb 005 verified after creation.","71","ut_vote_cb_005_verified_after_creation","Near Citizens House","Sun Feb 22 16:46:44 UTC 2026","passed","Sun Feb 22 16:46:44 UTC 2026","Callbacks","Governance Unit Tests","",""
"","2","classifies successful vote outcomes","relay vote response classification","Sun Feb 22 16:47:29 UTC 2026","passed","Sun Feb 22 16:47:29 UTC 2026","","","",""
"","0","accepts ETH-implicit accounts","Near Citizens House","Sun Feb 22 16:47:29 UTC 2026","passed","Sun Feb 22 16:47:29 UTC 2026","NEAR Account Validation > nearAccountIdSchema","Shared Library Unit Tests","",""
"","2","accepts minimum length (2 chars)","Near Citizens House","Sun Feb 22 16:47:29 UTC 2026","passed","Sun Feb 22 16:47:29 UTC 2026","NEAR Account Validation > nearNamedAccountSchema > valid named accounts","Shared Library Unit Tests","",""
"","0","should extract public key from valid ed25519: prefixed key","Near Citizens House","Sun Feb 22 16:47:29 UTC 2026","passed","Sun Feb 22 16:47:29 UTC 2026","NEP-413 Verification > extractEd25519PublicKeyHex > Happy Path","Shared Library Unit Tests","",""
"Verifies refund 003 full refund on verified after creation.","8632","it_refund_003_full_refund_on_verified_after_creation","Near Citizens House","Sun Feb 22 17:29:33 UTC 2026","passed","Sun Feb 22 17:29:41 UTC 2026","Storage","Governance Integration Tests","",""
"Verifies that newly initialized contract starts with zero verified accounts.","28","test_invariant_verified_count_starts_at_zero","Near Citizens House","Sun Feb 22 16:42:18 UTC 2026","passed","Sun Feb 22 16:42:18 UTC 2026","Invariants","Verified Accounts Unit Tests","",""
"","0","accepts maximum length (64 chars)","Near Citizens House","Sun Feb 22 16:47:29 UTC 2026","passed","Sun Feb 22 16:47:29 UTC 2026","NEAR Account Validation > nearNamedAccountSchema > valid named accounts","Shared Library Unit Tests","",""
"Verifies prop err 001 description too long.","4103","it_prop_err_001_description_too_long","Near Citizens House","Sun Feb 22 17:27:09 UTC 2026","passed","Sun Feb 22 17:27:13 UTC 2026","Proposals","Governance Integration Tests","",""
"","0","recognizes 'nonce' as retryable","Near Citizens House","Sun Feb 22 16:47:29 UTC 2026","passed","Sun Feb 22 16:47:29 UTC 2026","isRetryableError (tested via message patterns)","Backend Key Registration Unit Tests","",""
"Verifies prop whitespace only fields allowed.","42","ut_prop_whitespace_only_fields_allowed","Near Citizens House","Sun Feb 22 16:46:45 UTC 2026","passed","Sun Feb 22 16:46:45 UTC 2026","Proposals","Governance Unit Tests","",""
"Verifies that signatures shorter than 64 bytes are rejected.","29","test_invalid_signature_length","Near Citizens House","Sun Feb 22 16:42:18 UTC 2026","passed","Sun Feb 22 16:42:18 UTC 2026","Signature Verification","Verified Accounts Unit Tests","",""
"","0","requires Redis client to be initialized","Near Citizens House","Sun Feb 22 16:47:29 UTC 2026","passed","Sun Feb 22 16:47:29 UTC 2026","BackendKeyPool > Redis round-robin","Backend Key Pool Unit Tests","",""
"Verifies prop err 003 blocklist op pending.","4604","it_prop_err_003_blocklist_op_pending","Near Citizens House","Sun Feb 22 17:27:17 UTC 2026","passed","Sun Feb 22 17:27:22 UTC 2026","Proposals","Governance Integration Tests","",""
"","0","should return base64 nonce as-is","Near Citizens House","Sun Feb 22 16:47:29 UTC 2026","passed","Sun Feb 22 16:47:29 UTC 2026","NEP-413 Verification > parseUserContextData > Positive Tests","Shared Library Unit Tests","",""
"Verifies admin 015 clear stale pending vote without one yocto.","42","ut_admin_015_clear_stale_pending_vote_without_one_yocto","Near Citizens House","Sun Feb 22 16:46:44 UTC 2026","passed","Sun Feb 22 16:46:44 UTC 2026","Admin","Governance Unit Tests","",""
"Verifies prop 020 proposal ids sequential.","58","ut_prop_020_proposal_ids_sequential","Near Citizens House","Sun Feb 22 16:46:45 UTC 2026","passed","Sun Feb 22 16:46:45 UTC 2026","Proposals","Governance Unit Tests","",""
"Verifies prop 002 author too long.","40","ut_prop_002_author_too_long","Near Citizens House","Sun Feb 22 16:46:45 UTC 2026","passed","Sun Feb 22 16:46:45 UTC 2026","Proposals","Governance Unit Tests","",""
"Upgrade test: Batch queries work correctly after upgrade.","5626","test_upgrade_batch_queries_work","Near Citizens House","Sun Feb 22 16:51:15 UTC 2026","passed","Sun Feb 22 16:51:20 UTC 2026","Versioning","Verified Accounts Integration Tests","",""
"","0","active (scheduled) -> cancelled before start","deriveProposalTimelineModel lifecycle coverage (contract-aligned)","Sun Feb 22 16:47:29 UTC 2026","passed","Sun Feb 22 16:47:29 UTC 2026","","","",""
"Verifies config 003b update verified contract allowed when idle.","43","ut_config_003b_update_verified_contract_allowed_when_idle","Near Citizens House","Sun Feb 22 16:46:44 UTC 2026","passed","Sun Feb 22 16:46:44 UTC 2026","Configuration","Governance Unit Tests","",""
"","0","pending -> cancelled after scheduled start","deriveProposalTimelineModel lifecycle coverage (contract-aligned)","Sun Feb 22 16:47:29 UTC 2026","passed","Sun Feb 22 16:47:29 UTC 2026","","","",""
"Verifies that store_verification rejects user_context_data strings exceeding 4096 character maximum length.","56","test_user_context_data_too_long","Near Citizens House","Sun Feb 22 16:42:18 UTC 2026","passed","Sun Feb 22 16:42:18 UTC 2026","Input Validation","Verified Accounts Unit Tests","",""
"","0","active -> failed (quorum_not_met) after finalize","deriveProposalTimelineModel lifecycle coverage (contract-aligned)","Sun Feb 22 16:47:29 UTC 2026","passed","Sun Feb 22 16:47:29 UTC 2026","","","",""
"","0","normalizes generic transaction prefixes for unknown errors","getTransactionFailureMessage","Sun Feb 22 16:47:29 UTC 2026","passed","Sun Feb 22 16:47:29 UTC 2026","","","",""
"Verifies prop 013e barely winning.","147","ut_prop_013e_barely_winning","Near Citizens House","Sun Feb 22 16:46:45 UTC 2026","passed","Sun Feb 22 16:46:45 UTC 2026","Proposals","Governance Unit Tests","",""
"Verifies that nonces longer than 32 bytes are rejected.","28","test_nonce_too_long","Near Citizens House","Sun Feb 22 16:42:18 UTC 2026","passed","Sun Feb 22 16:42:18 UTC 2026","Signature Verification","Verified Accounts Unit Tests","",""
"Verifies view 003 get pending votes count not found.","28","ut_view_003_get_pending_votes_count_not_found","Near Citizens House","Sun Feb 22 16:46:45 UTC 2026","passed","Sun Feb 22 16:46:45 UTC 2026","View","Governance Unit Tests","",""
"","0","should handle empty message","Near Citizens House","Sun Feb 22 16:47:29 UTC 2026","passed","Sun Feb 22 16:47:29 UTC 2026","NEP-413 Verification > computeNep413Hash > Edge Cases","Shared Library Unit Tests","",""
"Verifies config 001 update quorum bps boundaries.","182","ut_config_001_update_quorum_bps_boundaries","Near Citizens House","Sun Feb 22 16:46:44 UTC 2026","passed","Sun Feb 22 16:46:45 UTC 2026","Configuration","Governance Unit Tests","",""
"Verifies that changing the challenge after signing invalidates the signature.","28","test_signature_wrong_challenge_rejected","Near Citizens House","Sun Feb 22 16:42:18 UTC 2026","passed","Sun Feb 22 16:42:18 UTC 2026","Signature Verification","Verified Accounts Unit Tests","",""
"","0","rejects accounts ending with separator","Near Citizens House","Sun Feb 22 16:47:29 UTC 2026","passed","Sun Feb 22 16:47:29 UTC 2026","NEAR Account Validation > nearNamedAccountSchema > invalid named accounts","Shared Library Unit Tests","",""
"Verifies e2e 009 verified at equals created at boundary.","6615","it_e2e_009_verified_at_equals_created_at_boundary","Near Citizens House","Sun Feb 22 17:24:38 UTC 2026","passed","Sun Feb 22 17:24:45 UTC 2026","End-to-End","Governance Integration Tests","",""
"Verifies init 001 double initialization rejected.","4096","it_init_001_double_initialization_rejected","Near Citizens House","Sun Feb 22 17:26:44 UTC 2026","passed","Sun Feb 22 17:26:48 UTC 2026","Initialization","Governance Integration Tests","",""
"Verifies block 015 pending blocklist op blocks proposal creation until stale op is cleared.","9063","it_block_015_pending_blocklist_op_blocks_proposal_until_cleared","Near Citizens House","Sun Feb 22 17:13:03 UTC 2026","passed","Sun Feb 22 17:13:12 UTC 2026","Blocklist","Governance Integration Tests","",""
"Verifies block 001 blocklist locked by active.","70","ut_block_001_blocklist_locked_by_active","Near Citizens House","Sun Feb 22 16:46:44 UTC 2026","passed","Sun Feb 22 16:46:44 UTC 2026","Blocklist","Governance Unit Tests","",""
"Verifies prop err 010 config updates out of range.","6621","it_prop_err_010_config_updates_out_of_range","Near Citizens House","Sun Feb 22 17:28:21 UTC 2026","passed","Sun Feb 22 17:28:28 UTC 2026","Proposals","Governance Integration Tests","",""
"Verifies mig 003 migrate non admin with one yocto.","5113","it_mig_003_migrate_non_admin_with_one_yocto","Near Citizens House","Sun Feb 22 17:27:04 UTC 2026","passed","Sun Feb 22 17:27:09 UTC 2026","Migration","Governance Integration Tests","",""
"","0","rejects wrong length","Near Citizens House","Sun Feb 22 16:47:29 UTC 2026","passed","Sun Feb 22 16:47:29 UTC 2026","NEAR Account Validation > nearImplicitAccountSchema > invalid implicit accounts","Shared Library Unit Tests","",""
"Verifies block 004 unblocklist nonexistent.","43","ut_block_004_unblocklist_nonexistent","Near Citizens House","Sun Feb 22 16:46:44 UTC 2026","passed","Sun Feb 22 16:46:44 UTC 2026","Blocklist","Governance Unit Tests","",""
"Verifies snap 001b on snapshot after cancelled.","70","ut_snap_001b_on_snapshot_after_cancelled","Near Citizens House","Sun Feb 22 16:46:44 UTC 2026","passed","Sun Feb 22 16:46:44 UTC 2026","Callbacks","Governance Unit Tests","",""
"Verifies block 020 finalized proposal history remains immutable after later blocklist changes.","56935","it_block_020_historical_proposal_immutability_after_blocklist_changes","Near Citizens House","Sun Feb 22 17:17:55 UTC 2026","passed","Sun Feb 22 17:18:52 UTC 2026","Blocklist","Governance Integration Tests","",""
"","0","accepts FullAccess object variant","Near Citizens House","Sun Feb 22 16:47:29 UTC 2026","passed","Sun Feb 22 16:47:29 UTC 2026","External Boundary Validation > nearAccessKeyResponseSchema","Shared Library Unit Tests","",""
"","0","returns 10","Near Citizens House","Sun Feb 22 16:47:29 UTC 2026","passed","Sun Feb 22 16:47:29 UTC 2026","BackendKeyPool > getPoolSize","Backend Key Pool Unit Tests","",""
"Verifies prop 016 cancel by non admin.","66","ut_prop_016_cancel_by_non_admin","Near Citizens House","Sun Feb 22 16:46:45 UTC 2026","passed","Sun Feb 22 16:46:45 UTC 2026","Proposals","Governance Unit Tests","",""
"Verifies prop err 004 start at before created.","4103","it_prop_err_004_start_at_before_created","Near Citizens House","Sun Feb 22 17:27:22 UTC 2026","passed","Sun Feb 22 17:27:26 UTC 2026","Proposals","Governance Integration Tests","",""
"","0","should handle empty recipient string","Near Citizens House","Sun Feb 22 16:47:29 UTC 2026","passed","Sun Feb 22 16:47:29 UTC 2026","NEP-413 Verification > computeNep413Hash > Edge Cases","Shared Library Unit Tests","",""
"Upgrade test: Account uniqueness persists across upgrade.","5109","test_upgrade_account_uniqueness_persists","Near Citizens House","Sun Feb 22 16:51:15 UTC 2026","passed","Sun Feb 22 16:51:20 UTC 2026","Versioning","Verified Accounts Integration Tests","",""
"Verifies vote cb 007c vote choice no.","70","ut_vote_cb_007c_vote_choice_no","Near Citizens House","Sun Feb 22 16:46:44 UTC 2026","passed","Sun Feb 22 16:46:44 UTC 2026","Callbacks","Governance Unit Tests","",""
"Verifies block cb 005 success already blocklisted.","56","ut_block_cb_005_success_already_blocklisted","Near Citizens House","Sun Feb 22 16:46:44 UTC 2026","passed","Sun Feb 22 16:46:44 UTC 2026","Callbacks","Governance Unit Tests","",""
"Verifies that backend_wallet is always valid and non-empty after contract initialization.","28","test_invariant_backend_wallet_always_valid","Near Citizens House","Sun Feb 22 16:42:18 UTC 2026","passed","Sun Feb 22 16:42:18 UTC 2026","Invariants","Verified Accounts Unit Tests","",""
"Verifies final 001 finalize blocked by pending votes before grace.","17182","it_final_001_finalize_blocked_by_pending_votes_before_grace","Near Citizens House","Sun Feb 22 17:26:27 UTC 2026","passed","Sun Feb 22 17:26:44 UTC 2026","Finalize","Governance Integration Tests","",""
"Verifies prop removed admin cannot cancel.","85","ut_prop_removed_admin_cannot_cancel","Near Citizens House","Sun Feb 22 16:46:45 UTC 2026","passed","Sun Feb 22 16:46:45 UTC 2026","Proposals","Governance Unit Tests","",""
"Verifies pending 001 pending expiry.","5112","it_pending_001_pending_expiry","Near Citizens House","Sun Feb 22 17:29:02 UTC 2026","passed","Sun Feb 22 17:29:07 UTC 2026","Snapshots","Governance Integration Tests","",""
"Verifies refund 006 full refund on proposal expired.","17688","it_refund_006_full_refund_on_proposal_expired","Near Citizens House","Sun Feb 22 17:30:07 UTC 2026","passed","Sun Feb 22 17:30:25 UTC 2026","Storage","Governance Integration Tests","",""
"","0","supports static tense labels when countdown text is disabled","deriveProposalTimelineModel title modes","Sun Feb 22 16:47:29 UTC 2026","passed","Sun Feb 22 16:47:29 UTC 2026","","","",""
"Verifies that changing the recipient after signing invalidates the signature.","24","test_signature_wrong_recipient_rejected","Near Citizens House","Sun Feb 22 16:42:18 UTC 2026","passed","Sun Feb 22 16:42:18 UTC 2026","Signature Verification","Verified Accounts Unit Tests","",""
"Verifies vote cb 007b voted at equals submitted at.","69","ut_vote_cb_007b_voted_at_equals_submitted_at","Near Citizens House","Sun Feb 22 16:46:44 UTC 2026","passed","Sun Feb 22 16:46:44 UTC 2026","Callbacks","Governance Unit Tests","",""
"Verifies vote 002 cast vote timing boundaries.","124","ut_vote_002_cast_vote_timing_boundaries","Near Citizens House","Sun Feb 22 16:46:45 UTC 2026","passed","Sun Feb 22 16:46:45 UTC 2026","Voting","Governance Unit Tests","",""
"Verifies config 011 update grace period while active.","71","ut_config_011_update_grace_period_while_active","Near Citizens House","Sun Feb 22 16:46:44 UTC 2026","passed","Sun Feb 22 16:46:45 UTC 2026","Configuration","Governance Unit Tests","",""
"","55","derives the same key for the same index","deterministic voter key helpers","Sun Feb 22 16:47:29 UTC 2026","passed","Sun Feb 22 16:47:29 UTC 2026","","","",""
"Verifies event 005 vote rejected payload types.","66","ut_event_005_vote_rejected_payload_types","Near Citizens House","Sun Feb 22 16:46:45 UTC 2026","passed","Sun Feb 22 16:46:45 UTC 2026","JSON Events","Governance Unit Tests","",""
"Upgrade test: Pagination works correctly after upgrade.","8643","test_upgrade_pagination_works","Near Citizens House","Sun Feb 22 16:51:15 UTC 2026","passed","Sun Feb 22 16:51:23 UTC 2026","Versioning","Verified Accounts Integration Tests","",""
"","0","throws for index >= 10","Near Citizens House","Sun Feb 22 16:47:29 UTC 2026","passed","Sun Feb 22 16:47:29 UTC 2026","BackendKeyPool > getKeyByIndex","Backend Key Pool Unit Tests","",""
"Verifies e2e 003b quorum not met at 50%.","21709","it_e2e_003b_quorum_not_met_50_percent","Near Citizens House","Sun Feb 22 17:23:02 UTC 2026","passed","Sun Feb 22 17:23:24 UTC 2026","End-to-End","Governance Integration Tests","",""
"","0","extracts error message from Error objects","Near Citizens House","Sun Feb 22 16:47:29 UTC 2026","passed","Sun Feb 22 16:47:29 UTC 2026","error message formatting","Backend Key Registration Unit Tests","",""
"Verifies config 006 update finalize grace boundaries.","114","ut_config_006_update_finalize_grace_boundaries","Near Citizens House","Sun Feb 22 16:46:44 UTC 2026","passed","Sun Feb 22 16:46:45 UTC 2026","Configuration","Governance Unit Tests","",""
"","0","rejects malformed or insufficient bond values","governance proposal validation","Sun Feb 22 16:47:29 UTC 2026","passed","Sun Feb 22 16:47:29 UTC 2026","","","",""
"Verifies that all-zeros nonce (edge case - weak randomness) is accepted.","3656","test_nonce_all_zeros","Near Citizens House","Sun Feb 22 16:51:10 UTC 2026","passed","Sun Feb 22 16:51:14 UTC 2026","Edge Cases","Verified Accounts Integration Tests","",""
"Verifies vote cb 006 submitted outside window.","79","ut_vote_cb_006_submitted_outside_window","Near Citizens House","Sun Feb 22 16:46:44 UTC 2026","passed","Sun Feb 22 16:46:44 UTC 2026","Callbacks","Governance Unit Tests","",""
"Verifies view 001 get proposal count increments.","41","ut_view_001_get_proposal_count_increments","Near Citizens House","Sun Feb 22 16:46:45 UTC 2026","passed","Sun Feb 22 16:46:45 UTC 2026","View","Governance Unit Tests","",""
"","0","active after end before finalize","deriveProposalTimelineModel lifecycle coverage (contract-aligned)","Sun Feb 22 16:47:29 UTC 2026","passed","Sun Feb 22 16:47:29 UTC 2026","","","",""
"Verifies bond 002 retained after quorum not met.","19193","it_bond_002_retained_after_quorum_not_met","Near Citizens House","Sun Feb 22 17:19:11 UTC 2026","passed","Sun Feb 22 17:19:31 UTC 2026","Bond","Governance Integration Tests","",""
"","0","accepts valid consent events","Analytics Event Type Safety","Sun Feb 22 16:47:29 UTC 2026","passed","Sun Feb 22 16:47:29 UTC 2026","","valid events compile correctly","",""
"","0","should handle unicode messages correctly","Near Citizens House","Sun Feb 22 16:47:29 UTC 2026","passed","Sun Feb 22 16:47:29 UTC 2026","NEP-413 Verification > computeNep413Hash > Edge Cases","Shared Library Unit Tests","",""
"","0","returns null for invalid datetime-local input","governance date utilities","Sun Feb 22 16:47:29 UTC 2026","passed","Sun Feb 22 16:47:29 UTC 2026","","","",""
"Verifies admin 003 add admin without one yocto.","69","ut_admin_003_add_admin_without_one_yocto","Near Citizens House","Sun Feb 22 16:46:44 UTC 2026","passed","Sun Feb 22 16:46:44 UTC 2026","Admin","Governance Unit Tests","",""
"","0","rejects wrong action for domain","Analytics Event Type Safety","Sun Feb 22 16:47:29 UTC 2026","passed","Sun Feb 22 16:47:29 UTC 2026","","invalid events cause type errors","",""
"Verifies prop 019 expire pending without yocto.","55","ut_prop_019_expire_pending_without_yocto","Near Citizens House","Sun Feb 22 16:46:45 UTC 2026","passed","Sun Feb 22 16:46:45 UTC 2026","Proposals","Governance Unit Tests","",""
"Verifies init 009 duplicate admins deduped.","25","ut_init_009_duplicate_admins_deduped","Near Citizens House","Sun Feb 22 16:46:45 UTC 2026","passed","Sun Feb 22 16:46:45 UTC 2026","Initialization","Governance Unit Tests","",""
"","38","skips in development mode without FORCE_KEY_REGISTRATION","Near Citizens House","Sun Feb 22 16:47:29 UTC 2026","passed","Sun Feb 22 16:47:29 UTC 2026","environment checks","Backend Key Registration Unit Tests","",""
"","1","formats UTC date and datetime without local timezone drift","governance date utilities","Sun Feb 22 16:47:29 UTC 2026","passed","Sun Feb 22 16:47:29 UTC 2026","","","",""
"","1","keeps optimistic aggregates while refreshed server data has not caught up","optimistic vote reconciliation","Sun Feb 22 16:47:29 UTC 2026","passed","Sun Feb 22 16:47:29 UTC 2026","","","",""
"Verifies block cb 002 invalid promise results count.","57","ut_block_cb_002_invalid_promise_results_count","Near Citizens House","Sun Feb 22 16:46:44 UTC 2026","passed","Sun Feb 22 16:46:44 UTC 2026","Callbacks","Governance Unit Tests","",""
"","1","does not rewrite legacy governance paths","proxy governance admin route override","Sun Feb 22 16:47:29 UTC 2026","passed","Sun Feb 22 16:47:29 UTC 2026","","","",""
"Verifies view 005b list blocklist limit too large.","29","ut_view_005b_list_blocklist_limit_too_large","Near Citizens House","Sun Feb 22 16:46:45 UTC 2026","passed","Sun Feb 22 16:46:45 UTC 2026","View","Governance Unit Tests","",""
"Verifies that only the backend wallet can store verifications and unauthorized accounts are rejected.","59","test_unauthorized_write","Near Citizens House","Sun Feb 22 16:42:18 UTC 2026","passed","Sun Feb 22 16:42:18 UTC 2026","Access Control","Verified Accounts Unit Tests","",""
"Verifies config 009 update pending expiry while active.","71","ut_config_009_update_pending_expiry_while_active","Near Citizens House","Sun Feb 22 16:46:44 UTC 2026","passed","Sun Feb 22 16:46:45 UTC 2026","Configuration","Governance Unit Tests","",""
"Verifies mig 002 migrate preserves state.","9156","it_mig_002_migrate_preserves_state","Near Citizens House","Sun Feb 22 17:26:55 UTC 2026","passed","Sun Feb 22 17:27:04 UTC 2026","Migration","Governance Integration Tests","",""
"","1","should throw for short nonce (31 bytes)","Near Citizens House","Sun Feb 22 16:47:29 UTC 2026","passed","Sun Feb 22 16:47:29 UTC 2026","NEP-413 Verification > computeNep413Hash > Boundary Tests","Shared Library Unit Tests","",""
"Verifies sec 001 all admin functions require one yocto.","11154","it_sec_001_all_admin_functions_require_one_yocto","Near Citizens House","Sun Feb 22 17:28:28 UTC 2026","passed","Sun Feb 22 17:28:39 UTC 2026","Security","Governance Integration Tests","",""
"Verifies vote 003 blocklisted voter rejected.","61","ut_vote_003_blocklisted_voter_rejected","Near Citizens House","Sun Feb 22 16:46:45 UTC 2026","passed","Sun Feb 22 16:46:45 UTC 2026","Voting","Governance Unit Tests","",""
"Verifies config 005 update min proposal bond boundaries.","112","ut_config_005_update_min_proposal_bond_boundaries","Near Citizens House","Sun Feb 22 16:46:44 UTC 2026","passed","Sun Feb 22 16:46:45 UTC 2026","Configuration","Governance Unit Tests","",""
"Verifies sec 006 adding existing admin is rejected.","4101","it_sec_006_add_existing_admin_rejected","Near Citizens House","Sun Feb 22 17:28:58 UTC 2026","passed","Sun Feb 22 17:29:02 UTC 2026","Security","Governance Integration Tests","",""
"Verifies config 013 config updates by non admin.","231","ut_config_013_config_updates_by_non_admin","Near Citizens House","Sun Feb 22 16:46:44 UTC 2026","passed","Sun Feb 22 16:46:45 UTC 2026","Configuration","Governance Unit Tests","",""
"Verifies e2e 005 non admin cannot create proposal.","5116","it_e2e_005_non_admin_cannot_create_proposal","Near Citizens House","Sun Feb 22 17:23:35 UTC 2026","passed","Sun Feb 22 17:23:40 UTC 2026","End-to-End","Governance Integration Tests","",""
"Verifies init 004 voting period max.","23","ut_init_004_voting_period_max","Near Citizens House","Sun Feb 22 16:46:45 UTC 2026","passed","Sun Feb 22 16:46:45 UTC 2026","Initialization","Governance Unit Tests","",""
"","0","rejects separators at subaccount part boundaries","Near Citizens House","Sun Feb 22 16:47:29 UTC 2026","passed","Sun Feb 22 16:47:29 UTC 2026","NEAR Account Validation > nearNamedAccountSchema > invalid named accounts","Shared Library Unit Tests","",""
"Verifies block 008 clear stale blocklist op no pending.","36","ut_block_008_clear_stale_blocklist_op_no_pending","Near Citizens House","Sun Feb 22 16:46:44 UTC 2026","passed","Sun Feb 22 16:46:44 UTC 2026","Blocklist","Governance Unit Tests","",""
"","1","pending -> active before start (scheduled)","deriveProposalTimelineModel lifecycle coverage (contract-aligned)","Sun Feb 22 16:47:29 UTC 2026","passed","Sun Feb 22 16:47:29 UTC 2026","","","",""
"","0","documents post-registration verification","Near Citizens House","Sun Feb 22 16:47:29 UTC 2026","passed","Sun Feb 22 16:47:29 UTC 2026","key registration batch strategy","Backend Key Registration Unit Tests","",""
"","0","shows processing state when optimistic vote is pending","deriveVotePanelState","Sun Feb 22 16:47:29 UTC 2026","passed","Sun Feb 22 16:47:29 UTC 2026","","","",""
"Verifies block cb 003 verification error or none.","83","ut_block_cb_003_verification_error_or_none","Near Citizens House","Sun Feb 22 16:46:44 UTC 2026","passed","Sun Feb 22 16:46:44 UTC 2026","Callbacks","Governance Unit Tests","",""
"Verifies prop 004 blocklist op pending.","48","ut_prop_004_blocklist_op_pending","Near Citizens House","Sun Feb 22 16:46:45 UTC 2026","passed","Sun Feb 22 16:46:45 UTC 2026","Proposals","Governance Unit Tests","",""
"","0","prefers vote_rejected when both vote events exist","resolveGovernanceVoteOutcome","Sun Feb 22 16:47:29 UTC 2026","passed","Sun Feb 22 16:47:29 UTC 2026","","","",""
"","0","keeps ended state loading while checking vote history","deriveVotePanelState","Sun Feb 22 16:47:29 UTC 2026","passed","Sun Feb 22 16:47:29 UTC 2026","","","",""
"Verifies all read-only view functions return correct values for empty contract state.","28","test_read_functions","Near Citizens House","Sun Feb 22 16:42:18 UTC 2026","passed","Sun Feb 22 16:42:18 UTC 2026","Read Functions","Verified Accounts Unit Tests","",""
"","0","should produce deterministic hash for same inputs","Near Citizens House","Sun Feb 22 16:47:29 UTC 2026","passed","Sun Feb 22 16:47:29 UTC 2026","NEP-413 Verification > computeNep413Hash > Happy Path","Shared Library Unit Tests","",""
"","0","identifies implicit accounts","Near Citizens House","Sun Feb 22 16:47:29 UTC 2026","passed","Sun Feb 22 16:47:29 UTC 2026","NEAR Account Validation > getNearAccountType","Shared Library Unit Tests","",""
"Verifies json 001 get proposal timestamps are strings.","42","ut_json_001_get_proposal_timestamps_are_strings","Near Citizens House","Sun Feb 22 16:46:45 UTC 2026","passed","Sun Feb 22 16:46:45 UTC 2026","JSON Events","Governance Unit Tests","",""
"Verifies that pagination is capped at 100 items even when requesting more.","108581","test_pagination_limit_capped_at_100","Near Citizens House","Sun Feb 22 16:51:10 UTC 2026","passed","Sun Feb 22 16:52:59 UTC 2026","Pagination","Verified Accounts Integration Tests","",""
"Verifies init 005b pending expiry below min.","28","ut_init_005b_pending_expiry_below_min","Near Citizens House","Sun Feb 22 16:46:45 UTC 2026","passed","Sun Feb 22 16:46:45 UTC 2026","Initialization","Governance Unit Tests","",""
"Verifies block cb 001 pending op missing.","42","ut_block_cb_001_pending_op_missing","Near Citizens House","Sun Feb 22 16:46:44 UTC 2026","passed","Sun Feb 22 16:46:44 UTC 2026","Callbacks","Governance Unit Tests","",""
"","0","accepts valid governance events","Analytics Event Type Safety","Sun Feb 22 16:47:29 UTC 2026","passed","Sun Feb 22 16:47:29 UTC 2026","","valid events compile correctly","",""
"","0","shows already-voted state on active proposals","deriveVotePanelState","Sun Feb 22 16:47:29 UTC 2026","passed","Sun Feb 22 16:47:29 UTC 2026","","","",""
"Verifies that only the backend wallet can pause the contract and unauthorized accounts are rejected.","53","test_unauthorized_pause","Near Citizens House","Sun Feb 22 16:42:18 UTC 2026","passed","Sun Feb 22 16:42:18 UTC 2026","Pause/Unpause","Verified Accounts Unit Tests","",""
"","2","should handle 64-byte signature (Ed25519 standard)","Near Citizens House","Sun Feb 22 16:47:29 UTC 2026","passed","Sun Feb 22 16:47:29 UTC 2026","NEP-413 Verification > verifyNearSignature > Boundary Tests","Shared Library Unit Tests","",""
"","0","returns true for valid accounts","Near Citizens House","Sun Feb 22 16:47:29 UTC 2026","passed","Sun Feb 22 16:47:29 UTC 2026","NEAR Account Validation > isValidNearAccountId","Shared Library Unit Tests","",""
"Verifies prop max config no overflow.","61","ut_prop_max_config_no_overflow","Near Citizens House","Sun Feb 22 16:46:45 UTC 2026","passed","Sun Feb 22 16:46:45 UTC 2026","Proposals","Governance Unit Tests","",""
"Verifies refund 009 no transfer when voting is free.","7118","it_refund_009_no_transfer_when_voting_is_free","Near Citizens House","Sun Feb 22 17:30:43 UTC 2026","passed","Sun Feb 22 17:30:50 UTC 2026","Storage","Governance Integration Tests","",""
"","0","rejects wrong length","Near Citizens House","Sun Feb 22 16:47:29 UTC 2026","passed","Sun Feb 22 16:47:29 UTC 2026","NEAR Account Validation > ethImplicitAccountSchema > invalid ETH-implicit accounts","Shared Library Unit Tests","",""
"Verifies view 013 list proposals beyond range.","66","ut_view_013_list_proposals_beyond_range","Near Citizens House","Sun Feb 22 16:46:45 UTC 2026","passed","Sun Feb 22 16:46:45 UTC 2026","View","Governance Unit Tests","",""
"","2","should handle keys from different keypairs","Near Citizens House","Sun Feb 22 16:47:29 UTC 2026","passed","Sun Feb 22 16:47:29 UTC 2026","NEP-413 Verification > extractEd25519PublicKeyHex > Positive Tests","Shared Library Unit Tests","",""
"Verifies view 003 list admins blocklist out of range.","7127","it_view_003_list_admins_blocklist_out_of_range","Near Citizens House","Sun Feb 22 17:31:45 UTC 2026","passed","Sun Feb 22 17:31:52 UTC 2026","View","Governance Integration Tests","",""
"Verifies admin 007 list admins beyond range.","26","ut_admin_007_list_admins_beyond_range","Near Citizens House","Sun Feb 22 16:46:44 UTC 2026","passed","Sun Feb 22 16:46:44 UTC 2026","Admin","Governance Unit Tests","",""
"","0","recognizes 'already exists' error pattern","Near Citizens House","Sun Feb 22 16:47:29 UTC 2026","passed","Sun Feb 22 16:47:29 UTC 2026","isAlreadyExistsError (tested via message patterns)","Backend Key Registration Unit Tests","",""
"Critical upgrade test: Deploy V1, store data, upgrade to V2, verify data persists. This tests the core contract state versioning mechanism.","5116","test_upgrade_v1_to_v2_preserves_verifications","Near Citizens House","Sun Feb 22 16:51:15 UTC 2026","passed","Sun Feb 22 16:51:20 UTC 2026","Versioning","Verified Accounts Integration Tests","",""
"Verifies that backend wallet can pause and unpause the contract, emitting proper events.","50","test_pause_unpause","Near Citizens House","Sun Feb 22 16:42:18 UTC 2026","passed","Sun Feb 22 16:42:18 UTC 2026","Pause/Unpause","Verified Accounts Unit Tests","",""
"Verifies that all-0xFF nonce (max byte values) is accepted.","3676","test_nonce_all_max_bytes","Near Citizens House","Sun Feb 22 16:51:10 UTC 2026","passed","Sun Feb 22 16:51:14 UTC 2026","Edge Cases","Verified Accounts Integration Tests","",""
"Verifies prop err 008 cast vote already pending.","6615","it_prop_err_008_cast_vote_already_pending","Near Citizens House","Sun Feb 22 17:27:53 UTC 2026","passed","Sun Feb 22 17:27:59 UTC 2026","Proposals","Governance Integration Tests","",""
"Verifies event 013 proposal creation failed payload types.","56","ut_event_013_proposal_creation_failed_payload_types","Near Citizens House","Sun Feb 22 16:46:45 UTC 2026","passed","Sun Feb 22 16:46:45 UTC 2026","JSON Events","Governance Unit Tests","",""
"","0","should handle very long recipient string","Near Citizens House","Sun Feb 22 16:47:29 UTC 2026","passed","Sun Feb 22 16:47:29 UTC 2026","NEP-413 Verification > computeNep413Hash > Edge Cases","Shared Library Unit Tests","",""
"","0","accepts FunctionCall with null allowance","Near Citizens House","Sun Feb 22 16:47:29 UTC 2026","passed","Sun Feb 22 16:47:29 UTC 2026","External Boundary Validation > nearAccessKeyResponseSchema","Shared Library Unit Tests","",""
"","0","pending -> failed (snapshot_callback_failed) before start","deriveProposalTimelineModel lifecycle coverage (contract-aligned)","Sun Feb 22 16:47:29 UTC 2026","passed","Sun Feb 22 16:47:29 UTC 2026","","","",""
"Verifies e2e 003 quorum not met.","21715","it_e2e_003_quorum_not_met","Near Citizens House","Sun Feb 22 17:22:41 UTC 2026","passed","Sun Feb 22 17:23:02 UTC 2026","End-to-End","Governance Integration Tests","",""
"Verifies sec 003 004 005 private callbacks rejected.","6114","it_sec_003_004_005_private_callbacks_rejected","Near Citizens House","Sun Feb 22 17:28:52 UTC 2026","passed","Sun Feb 22 17:28:58 UTC 2026","Security","Governance Integration Tests","",""
"","0","accepts 0x + 40 lowercase hex chars","Near Citizens House","Sun Feb 22 16:47:29 UTC 2026","passed","Sun Feb 22 16:47:29 UTC 2026","NEAR Account Validation > ethImplicitAccountSchema > valid ETH-implicit accounts","Shared Library Unit Tests","",""
"","0","returns exactly 10 public keys","Near Citizens House","Sun Feb 22 16:47:29 UTC 2026","passed","Sun Feb 22 16:47:29 UTC 2026","BackendKeyPool > getAllPublicKeys","Backend Key Pool Unit Tests","",""
"Verifies prop 003 insufficient bond.","43","ut_prop_003_insufficient_bond","Near Citizens House","Sun Feb 22 16:46:45 UTC 2026","passed","Sun Feb 22 16:46:45 UTC 2026","Proposals","Governance Unit Tests","",""
"Verifies view 011 get vote nonexistent proposal.","27","ut_view_011_get_vote_nonexistent_proposal","Near Citizens House","Sun Feb 22 16:46:45 UTC 2026","passed","Sun Feb 22 16:46:45 UTC 2026","View","Governance Unit Tests","",""
"Verifies that nonces with invalid length (not 32 bytes) are rejected.","3766","test_invalid_nonce_length","Near Citizens House","Sun Feb 22 16:51:10 UTC 2026","passed","Sun Feb 22 16:51:14 UTC 2026","Input Validation","Verified Accounts Integration Tests","",""
"Verifies block 003 unblocklist locked by active.","71","ut_block_003_unblocklist_locked_by_active","Near Citizens House","Sun Feb 22 16:46:44 UTC 2026","passed","Sun Feb 22 16:46:44 UTC 2026","Blocklist","Governance Unit Tests","",""
"Verifies vote 003b verified and blocklisted voter rejected.","105","ut_vote_003b_verified_and_blocklisted_voter_rejected","Near Citizens House","Sun Feb 22 16:46:45 UTC 2026","passed","Sun Feb 22 16:46:45 UTC 2026","Voting","Governance Unit Tests","",""
"Verifies e2e 001 full happy path yes wins.","24226","it_e2e_001_full_happy_path_yes_wins","Near Citizens House","Sun Feb 22 17:21:53 UTC 2026","passed","Sun Feb 22 17:22:17 UTC 2026","End-to-End","Governance Integration Tests","",""
"","0","rejects missing required properties","Analytics Event Type Safety","Sun Feb 22 16:47:29 UTC 2026","passed","Sun Feb 22 16:47:29 UTC 2026","","invalid events cause type errors","",""
"Verifies init 005 pending expiry max.","28","ut_init_005_pending_expiry_max","Near Citizens House","Sun Feb 22 16:46:45 UTC 2026","passed","Sun Feb 22 16:46:45 UTC 2026","Initialization","Governance Unit Tests","",""
"Verifies event 009 admin added removed payload types.","56","ut_event_009_admin_added_removed_payload_types","Near Citizens House","Sun Feb 22 16:46:45 UTC 2026","passed","Sun Feb 22 16:46:45 UTC 2026","JSON Events","Governance Unit Tests","",""
"KNOWN BEHAVIOR: Empty key body returns empty hex string. This documents current behavior - consider throwing an error instead since an empty key is invalid for cryptographic operations.","0","should handle key with only prefix (returns empty hex)","Near Citizens House","Sun Feb 22 16:47:29 UTC 2026","passed","Sun Feb 22 16:47:29 UTC 2026","NEP-413 Verification > extractEd25519PublicKeyHex > Edge Cases","Shared Library Unit Tests","",""
"","1","normalizes proposal pagination to supported page sizes","rpc-tags helpers","Sun Feb 22 16:47:29 UTC 2026","passed","Sun Feb 22 16:47:29 UTC 2026","","","",""
"","0","pending -> cancelled before start","deriveProposalTimelineModel lifecycle coverage (contract-aligned)","Sun Feb 22 16:47:29 UTC 2026","passed","Sun Feb 22 16:47:29 UTC 2026","","","",""
"Verifies e2e 002 full happy path no wins.","23724","it_e2e_002_full_happy_path_no_wins","Near Citizens House","Sun Feb 22 17:22:17 UTC 2026","passed","Sun Feb 22 17:22:41 UTC 2026","End-to-End","Governance Integration Tests","",""
"","0","parses datetime-local values and converts to nanoseconds","governance date utilities","Sun Feb 22 16:47:29 UTC 2026","passed","Sun Feb 22 16:47:29 UTC 2026","","","",""
"Verifies that verified_at matches the block timestamp when the verification was stored.","29","test_verification_timestamp_matches_block_time","Near Citizens House","Sun Feb 22 16:42:18 UTC 2026","passed","Sun Feb 22 16:42:18 UTC 2026","Store Verification","Verified Accounts Unit Tests","",""
"","0","rejects accounts shorter than 2 chars","Near Citizens House","Sun Feb 22 16:47:29 UTC 2026","passed","Sun Feb 22 16:47:29 UTC 2026","NEAR Account Validation > nearNamedAccountSchema > invalid named accounts","Shared Library Unit Tests","",""
"","0","converts non-Error objects to string","Near Citizens House","Sun Feb 22 16:47:29 UTC 2026","passed","Sun Feb 22 16:47:29 UTC 2026","error message formatting","Backend Key Registration Unit Tests","",""
"","0","pending callback delay during scheduled voting window","deriveProposalTimelineModel lifecycle coverage (contract-aligned)","Sun Feb 22 16:47:29 UTC 2026","passed","Sun Feb 22 16:47:29 UTC 2026","","","",""
"","2","should reject signature for wrong message","Near Citizens House","Sun Feb 22 16:47:29 UTC 2026","passed","Sun Feb 22 16:47:29 UTC 2026","NEP-413 Verification > verifyNearSignature > Negative Tests","Shared Library Unit Tests","",""
"Verifies view 005 list blocklist pagination and bounds.","84","ut_view_005_list_blocklist_pagination_and_bounds","Near Citizens House","Sun Feb 22 16:46:45 UTC 2026","passed","Sun Feb 22 16:46:45 UTC 2026","View","Governance Unit Tests","",""
"Verifies view 006 get config returns all fields.","28","ut_view_006_get_config_returns_all_fields","Near Citizens House","Sun Feb 22 16:46:45 UTC 2026","passed","Sun Feb 22 16:46:45 UTC 2026","View","Governance Unit Tests","",""
"Verifies vote cb 003 proposal cancelled or finalized.","128","ut_vote_cb_003_proposal_cancelled_or_finalized","Near Citizens House","Sun Feb 22 16:46:44 UTC 2026","passed","Sun Feb 22 16:46:44 UTC 2026","Callbacks","Governance Unit Tests","",""
"Verifies prop id 001proposal ids sequential.","6618","it_prop_id_001proposal_ids_sequential","Near Citizens House","Sun Feb 22 17:25:44 UTC 2026","passed","Sun Feb 22 17:25:50 UTC 2026","End-to-End","Governance Integration Tests","",""
"Verifies config 006 update pending expiry during active.","6118","it_config_006_update_pending_expiry_during_active","Near Citizens House","Sun Feb 22 17:20:44 UTC 2026","passed","Sun Feb 22 17:20:50 UTC 2026","Configuration","Governance Integration Tests","",""
"Verifies admin 004 remove last admin.","70","ut_admin_004_remove_last_admin","Near Citizens House","Sun Feb 22 16:46:44 UTC 2026","passed","Sun Feb 22 16:46:44 UTC 2026","Admin","Governance Unit Tests","",""
"","0","should handle special characters in message","Near Citizens House","Sun Feb 22 16:47:29 UTC 2026","passed","Sun Feb 22 16:47:29 UTC 2026","NEP-413 Verification > computeNep413Hash > Edge Cases","Shared Library Unit Tests","",""
"Verifies that is_paused() correctly reflects the actual contract state after pause and unpause operations.","54","test_invariant_paused_state_consistent","Near Citizens House","Sun Feb 22 16:42:18 UTC 2026","passed","Sun Feb 22 16:42:18 UTC 2026","Invariants","Verified Accounts Unit Tests","",""
"","0","should return error for malformed signature","Near Citizens House","Sun Feb 22 16:47:29 UTC 2026","passed","Sun Feb 22 16:47:29 UTC 2026","NEP-413 Verification > verifyNearSignature > Negative Tests","Shared Library Unit Tests","",""
"Verifies init 006b min bond below min.","29","ut_init_006b_min_bond_below_min","Near Citizens House","Sun Feb 22 16:46:45 UTC 2026","passed","Sun Feb 22 16:46:45 UTC 2026","Initialization","Governance Unit Tests","",""
"","0","rejects invalid enum values","Analytics Event Type Safety","Sun Feb 22 16:47:29 UTC 2026","passed","Sun Feb 22 16:47:29 UTC 2026","","invalid events cause type errors","",""
"","0","throws for index < 0","Near Citizens House","Sun Feb 22 16:47:29 UTC 2026","passed","Sun Feb 22 16:47:29 UTC 2026","BackendKeyPool > getKeyByIndex","Backend Key Pool Unit Tests","",""
"","0","stops optimistic aggregates when vote appears in server votes list","optimistic vote reconciliation","Sun Feb 22 16:47:29 UTC 2026","passed","Sun Feb 22 16:47:29 UTC 2026","","","",""
"Verifies that store_verification rejects when signature recipient doesn't match the contract account.","55","test_recipient_mismatch","Near Citizens House","Sun Feb 22 16:42:18 UTC 2026","passed","Sun Feb 22 16:42:18 UTC 2026","Input Validation","Verified Accounts Unit Tests","",""
"Verifies that batch get_verifications returns None for all non-existent accounts.","27","test_get_verifications_empty","Near Citizens House","Sun Feb 22 16:42:18 UTC 2026","passed","Sun Feb 22 16:42:18 UTC 2026","Composability Interface","Verified Accounts Unit Tests","",""
"","0","shows connect prompt for active proposal when wallet is disconnected","deriveVotePanelState","Sun Feb 22 16:47:29 UTC 2026","passed","Sun Feb 22 16:47:29 UTC 2026","","","",""
"Verifies view 001 list proposals pagination.","7624","it_view_001_list_proposals_pagination","Near Citizens House","Sun Feb 22 17:31:26 UTC 2026","passed","Sun Feb 22 17:31:34 UTC 2026","View","Governance Integration Tests","",""
"","0","accepts valid cast_vote arguments","castVoteArgsSchema","Sun Feb 22 16:47:29 UTC 2026","passed","Sun Feb 22 16:47:29 UTC 2026","","","",""
"Verifies prop 021 finalize pending votes zero.","69","ut_prop_021_finalize_pending_votes_zero","Near Citizens House","Sun Feb 22 16:46:45 UTC 2026","passed","Sun Feb 22 16:46:45 UTC 2026","Proposals","Governance Unit Tests","",""
"Verifies that storing verifications is blocked when the contract is paused.","4261","test_store_verification_when_paused","Near Citizens House","Sun Feb 22 16:51:10 UTC 2026","passed","Sun Feb 22 16:51:15 UTC 2026","Pause/Unpause","Verified Accounts Integration Tests","",""
"Verifies view 002 list votes pagination.","10649","it_view_002_list_votes_pagination","Near Citizens House","Sun Feb 22 17:31:34 UTC 2026","passed","Sun Feb 22 17:31:45 UTC 2026","View","Governance Integration Tests","",""
"Verifies init 007c grace period above max.","41","ut_init_007c_grace_period_above_max","Near Citizens House","Sun Feb 22 16:46:45 UTC 2026","passed","Sun Feb 22 16:46:45 UTC 2026","Initialization","Governance Unit Tests","",""
"Verifies snap 003 callback error.","56","ut_snap_003_callback_error","Near Citizens House","Sun Feb 22 16:46:44 UTC 2026","passed","Sun Feb 22 16:46:44 UTC 2026","Callbacks","Governance Unit Tests","",""
"","0","documents batch registration approach","Near Citizens House","Sun Feb 22 16:47:29 UTC 2026","passed","Sun Feb 22 16:47:29 UTC 2026","key registration batch strategy","Backend Key Registration Unit Tests","",""
"","1","should produce different hash for different nonces","Near Citizens House","Sun Feb 22 16:47:29 UTC 2026","passed","Sun Feb 22 16:47:29 UTC 2026","NEP-413 Verification > computeNep413Hash > Happy Path","Shared Library Unit Tests","",""
"Test 1.1.4: Verifies that the contract cannot be reinitialized after initial setup.","3249","test_init_cannot_reinitialize","Near Citizens House","Sun Feb 22 16:51:10 UTC 2026","passed","Sun Feb 22 16:51:14 UTC 2026","Initialization","Verified Accounts Integration Tests","",""
"","0","rejects missing permission","Near Citizens House","Sun Feb 22 16:47:29 UTC 2026","passed","Sun Feb 22 16:47:29 UTC 2026","External Boundary Validation > nearAccessKeyResponseSchema","Shared Library Unit Tests","",""
"","0","test_verification_json_missing_user_context_data_fails","Near Citizens House","Sun Feb 22 16:42:18 UTC 2026","passed","Sun Feb 22 16:42:18 UTC 2026","Validation","Verified Accounts Interface Tests","",""
"Verifies event 002 proposal activated payload types.","55","ut_event_002_proposal_activated_payload_types","Near Citizens House","Sun Feb 22 16:46:45 UTC 2026","passed","Sun Feb 22 16:46:45 UTC 2026","JSON Events","Governance Unit Tests","",""
"Test 1.1.5: Verifies that the contract can be initialized with a subaccount as backend wallet.","3192","test_init_with_subaccount_backend","Near Citizens House","Sun Feb 22 16:51:10 UTC 2026","passed","Sun Feb 22 16:51:14 UTC 2026","Initialization","Verified Accounts Integration Tests","",""
"","0","accepts valid error events","Analytics Event Type Safety","Sun Feb 22 16:47:29 UTC 2026","passed","Sun Feb 22 16:47:29 UTC 2026","","valid events compile correctly","",""
"Verifies vote 001 rejects non active failed.","54","ut_vote_001_rejects_non_active_failed","Near Citizens House","Sun Feb 22 16:46:45 UTC 2026","passed","Sun Feb 22 16:46:45 UTC 2026","Voting","Governance Unit Tests","",""
"","0","rejects errors event without required stage","Analytics Event Type Safety","Sun Feb 22 16:47:29 UTC 2026","passed","Sun Feb 22 16:47:29 UTC 2026","","invalid events cause type errors","",""
"Verifies event 012 pending blocklist op cleared payload types.","63","ut_event_012_pending_blocklist_op_cleared_payload_types","Near Citizens House","Sun Feb 22 16:46:45 UTC 2026","passed","Sun Feb 22 16:46:45 UTC 2026","JSON Events","Governance Unit Tests","",""
"Verifies init 004 voting period min.","29","ut_init_004_voting_period_min","Near Citizens House","Sun Feb 22 16:46:45 UTC 2026","passed","Sun Feb 22 16:46:45 UTC 2026","Initialization","Governance Unit Tests","",""
"","0","should reject short signature","Near Citizens House","Sun Feb 22 16:47:29 UTC 2026","passed","Sun Feb 22 16:47:29 UTC 2026","NEP-413 Verification > verifyNearSignature > Boundary Tests","Shared Library Unit Tests","",""
"Verifies vote 001 rejects non active pending.","54","ut_vote_001_rejects_non_active_pending","Near Citizens House","Sun Feb 22 16:46:45 UTC 2026","passed","Sun Feb 22 16:46:45 UTC 2026","Voting","Governance Unit Tests","",""
"Verifies admin 011 remove admin by non admin.","27","ut_admin_011_remove_admin_by_non_admin","Near Citizens House","Sun Feb 22 16:46:44 UTC 2026","passed","Sun Feb 22 16:46:44 UTC 2026","Admin","Governance Unit Tests","",""
"","2","derives unique keys across indices","deterministic voter key helpers","Sun Feb 22 16:47:29 UTC 2026","passed","Sun Feb 22 16:47:29 UTC 2026","","","",""
"Verifies e2e 012 concurrent votes sameproposal.","12662","it_e2e_012_concurrent_votes_sameproposal","Near Citizens House","Sun Feb 22 17:25:13 UTC 2026","passed","Sun Feb 22 17:25:26 UTC 2026","End-to-End","Governance Integration Tests","",""
"Verifies config 010 increase grace blocks finalize.","23721","it_config_010_increase_grace_blocks_finalize","Near Citizens House","Sun Feb 22 17:21:09 UTC 2026","passed","Sun Feb 22 17:21:33 UTC 2026","Configuration","Governance Integration Tests","",""
"Verifies that get_verification returns None for non-existent accounts.","28","test_get_verification_empty","Near Citizens House","Sun Feb 22 16:42:18 UTC 2026","passed","Sun Feb 22 16:42:18 UTC 2026","Composability Interface","Verified Accounts Unit Tests","",""
"Verifies block 012 blocklist affects voting eligibility and quorum across proposals.","40344","it_block_012_blocklist_vote_eligibility_and_quorum_across_proposals","Near Citizens House","Sun Feb 22 17:10:49 UTC 2026","passed","Sun Feb 22 17:11:29 UTC 2026","Blocklist","Governance Integration Tests","",""
"","0","rejects negative proposal IDs","castVoteArgsSchema","Sun Feb 22 16:47:29 UTC 2026","passed","Sun Feb 22 16:47:29 UTC 2026","","","",""
"Verifies config 001 update quorum while active.","6117","it_config_001_update_quorum_while_active","Near Citizens House","Sun Feb 22 17:19:55 UTC 2026","passed","Sun Feb 22 17:20:01 UTC 2026","Configuration","Governance Integration Tests","",""
"Verifies config 008 update grace during active.","6115","it_config_008_update_grace_during_active","Near Citizens House","Sun Feb 22 17:20:57 UTC 2026","passed","Sun Feb 22 17:21:03 UTC 2026","Configuration","Governance Integration Tests","",""
"Verifies that invalid signatures (all zeros) are rejected.","3576","test_invalid_signature_rejected","Near Citizens House","Sun Feb 22 16:51:14 UTC 2026","passed","Sun Feb 22 16:51:18 UTC 2026","Signature Verification","Verified Accounts Integration Tests","",""
"","0","parses all vote_rejected reasons","resolveGovernanceVoteOutcome","Sun Feb 22 16:47:29 UTC 2026","passed","Sun Feb 22 16:47:29 UTC 2026","","","",""
"Verifies prop 010b finalize by non admin.","65","ut_prop_010b_finalize_by_non_admin","Near Citizens House","Sun Feb 22 16:46:45 UTC 2026","passed","Sun Feb 22 16:46:45 UTC 2026","Proposals","Governance Unit Tests","",""
"Verifies that storing verifications is blocked when the contract is paused.","57","test_store_verification_when_paused","Near Citizens House","Sun Feb 22 16:42:18 UTC 2026","passed","Sun Feb 22 16:42:18 UTC 2026","Pause/Unpause","Verified Accounts Unit Tests","",""
"","0","rejects invalid characters","Near Citizens House","Sun Feb 22 16:47:29 UTC 2026","passed","Sun Feb 22 16:47:29 UTC 2026","NEAR Account Validation > nearNamedAccountSchema > invalid named accounts","Shared Library Unit Tests","",""
"Verifies vote cb 001b proposal missing after pending vote.","43","ut_vote_cb_001b_proposal_missing_after_pending_vote","Near Citizens House","Sun Feb 22 16:46:44 UTC 2026","passed","Sun Feb 22 16:46:44 UTC 2026","Callbacks","Governance Unit Tests","",""
"Verifies that list_verifications pagination works correctly with multiple verified accounts.","5591","test_list_verifications_pagination","Near Citizens House","Sun Feb 22 16:51:14 UTC 2026","passed","Sun Feb 22 16:51:20 UTC 2026","Signature Verification","Verified Accounts Integration Tests","",""
"Verifies prop err 005 expire pending not pending.","6120","it_prop_err_005_expire_pending_not_pending","Near Citizens House","Sun Feb 22 17:27:26 UTC 2026","passed","Sun Feb 22 17:27:32 UTC 2026","Proposals","Governance Integration Tests","",""
"Verifies vote cb verified at zero is accepted.","70","ut_vote_cb_verified_at_zero_is_accepted","Near Citizens House","Sun Feb 22 16:46:44 UTC 2026","passed","Sun Feb 22 16:46:44 UTC 2026","Callbacks","Governance Unit Tests","",""
"Verifies that get_verifications rejects batch queries exceeding maximum size of 100 accounts.","56","test_batch_size_exceeded_get_verifications","Near Citizens House","Sun Feb 22 16:42:18 UTC 2026","passed","Sun Feb 22 16:42:18 UTC 2026","Input Validation","Verified Accounts Unit Tests","",""
"Verifies prop 023 start at none defaults.","48","ut_prop_023_start_at_none_defaults","Near Citizens House","Sun Feb 22 16:46:45 UTC 2026","passed","Sun Feb 22 16:46:45 UTC 2026","Proposals","Governance Unit Tests","",""
"","1","rejects unknown permission type","Near Citizens House","Sun Feb 22 16:47:29 UTC 2026","passed","Sun Feb 22 16:47:29 UTC 2026","External Boundary Validation > nearAccessKeyResponseSchema","Shared Library Unit Tests","",""
"Verifies config 010 update min bond while active.","90","ut_config_010_update_min_bond_while_active","Near Citizens House","Sun Feb 22 16:46:44 UTC 2026","passed","Sun Feb 22 16:46:45 UTC 2026","Configuration","Governance Unit Tests","",""
"","0","returns eligible state when all conditions pass","deriveVotePanelState","Sun Feb 22 16:47:29 UTC 2026","passed","Sun Feb 22 16:47:29 UTC 2026","","","",""
"Verifies bond 006 bond exceeds minimum.","5612","it_bond_006_bond_exceeds_minimum","Near Citizens House","Sun Feb 22 17:19:50 UTC 2026","passed","Sun Feb 22 17:19:55 UTC 2026","Bond","Governance Integration Tests","",""
"Verifies contract initialization stores correct backend wallet and sets initial verified count to zero.","27","test_initialization","Near Citizens House","Sun Feb 22 16:42:18 UTC 2026","passed","Sun Feb 22 16:42:18 UTC 2026","Contract Initialization","Verified Accounts Unit Tests","",""
"Verifies config 004 quorum snapshots per proposal.","7631","it_config_004_quorum_snapshots_per_proposal","Near Citizens House","Sun Feb 22 17:20:15 UTC 2026","passed","Sun Feb 22 17:20:23 UTC 2026","Configuration","Governance Integration Tests","",""
"Verifies prop 017 expire pending by non admin.","56","ut_prop_017_expire_pending_by_non_admin","Near Citizens House","Sun Feb 22 16:46:45 UTC 2026","passed","Sun Feb 22 16:46:45 UTC 2026","Proposals","Governance Unit Tests","",""
"Verifies config 002b update voting period boundaries.","114","ut_config_002b_update_voting_period_boundaries","Near Citizens House","Sun Feb 22 16:46:44 UTC 2026","passed","Sun Feb 22 16:46:45 UTC 2026","Configuration","Governance Unit Tests","",""
"","0","rejects scheduled starts beyond max_start_delay_secs","governance proposal validation","Sun Feb 22 16:47:29 UTC 2026","passed","Sun Feb 22 16:47:29 UTC 2026","","","",""
"Verifies block 019 async blocklist callback vs stale-clear race keeps invariants intact.","27490","it_block_019_async_blocklist_clear_race_invariants","Near Citizens House","Sun Feb 22 17:17:28 UTC 2026","passed","Sun Feb 22 17:17:55 UTC 2026","Blocklist","Governance Integration Tests","",""
"Verifies block 010 unblocklist by non admin.","39","ut_block_010_unblocklist_by_non_admin","Near Citizens House","Sun Feb 22 16:46:44 UTC 2026","passed","Sun Feb 22 16:46:44 UTC 2026","Blocklist","Governance Unit Tests","",""
"Verifies prop 011 finalize blocked by pending votes.","99","ut_prop_011_finalize_blocked_by_pending_votes","Near Citizens House","Sun Feb 22 16:46:45 UTC 2026","passed","Sun Feb 22 16:46:45 UTC 2026","Proposals","Governance Unit Tests","",""
"","0","stops optimistic aggregates when server tallies include the confirmed vote","optimistic vote reconciliation","Sun Feb 22 16:47:29 UTC 2026","passed","Sun Feb 22 16:47:29 UTC 2026","","","",""
"Verifies snap 005 success activates.","56","ut_snap_005_success_activates","Near Citizens House","Sun Feb 22 16:46:44 UTC 2026","passed","Sun Feb 22 16:46:44 UTC 2026","Callbacks","Governance Unit Tests","",""
"Verifies event 004 vote cast payload types.","69","ut_event_004_vote_cast_payload_types","Near Citizens House","Sun Feb 22 16:46:45 UTC 2026","passed","Sun Feb 22 16:46:45 UTC 2026","JSON Events","Governance Unit Tests","",""
"","0","uses exponential backoff for delays","Near Citizens House","Sun Feb 22 16:47:29 UTC 2026","passed","Sun Feb 22 16:47:29 UTC 2026","retry configuration","Backend Key Registration Unit Tests","",""
"Verifies admin 009 clear stale pending vote missing proposal.","69","ut_admin_009_clear_stale_pending_vote_missing_proposal","Near Citizens House","Sun Feb 22 16:46:44 UTC 2026","passed","Sun Feb 22 16:46:44 UTC 2026","Admin","Governance Unit Tests","",""
"Verifies block 009 is blocklist locked lifecycle.","17464","it_block_009_is_blocklist_locked_lifecycle","Near Citizens House","Sun Feb 22 17:10:15 UTC 2026","passed","Sun Feb 22 17:10:33 UTC 2026","Blocklist","Governance Integration Tests","",""
"Verifies admin 008 add admin duplicate.","69","ut_admin_008_add_admin_duplicate","Near Citizens House","Sun Feb 22 16:46:44 UTC 2026","passed","Sun Feb 22 16:46:44 UTC 2026","Admin","Governance Unit Tests","",""
"Verifies block 001 add blocklist verified account.","28648","it_block_001_add_blocklist_verified_account","Near Citizens House","Sun Feb 22 17:08:43 UTC 2026","passed","Sun Feb 22 17:09:11 UTC 2026","Blocklist","Governance Integration Tests","",""
"Verifies block 014 blocklisting unverified accounts does not change snapshots or quorum.","24739","it_block_014_unverified_blocklist_does_not_affect_snapshot_or_quorum","Near Citizens House","Sun Feb 22 17:12:38 UTC 2026","passed","Sun Feb 22 17:13:03 UTC 2026","Blocklist","Governance Integration Tests","",""
"","0","returns same keys on multiple calls (caching)","Near Citizens House","Sun Feb 22 16:47:29 UTC 2026","passed","Sun Feb 22 16:47:29 UTC 2026","BackendKeyPool > getAllPublicKeys","Backend Key Pool Unit Tests","",""
"Verifies admin 017 admin self removal.","57","ut_admin_017_admin_self_removal","Near Citizens House","Sun Feb 22 16:46:44 UTC 2026","passed","Sun Feb 22 16:46:44 UTC 2026","Admin","Governance Unit Tests","",""
"Verifies view 008 list proposals limit too large.","40","ut_view_008_list_proposals_limit_too_large","Near Citizens House","Sun Feb 22 16:46:45 UTC 2026","passed","Sun Feb 22 16:46:45 UTC 2026","View","Governance Unit Tests","",""
"Verifies that pause requires exactly 1 yoctoNEAR deposit.","3723","test_pause_requires_one_yocto","Near Citizens House","Sun Feb 22 16:51:10 UTC 2026","passed","Sun Feb 22 16:51:14 UTC 2026","Pause/Unpause","Verified Accounts Integration Tests","",""
"","1","accepts all valid examples from NEAR spec","Near Citizens House","Sun Feb 22 16:47:29 UTC 2026","passed","Sun Feb 22 16:47:29 UTC 2026","NEAR Account Validation > nearNamedAccountSchema > valid named accounts","Shared Library Unit Tests","",""
"","0","should return null for missing required fields","Near Citizens House","Sun Feb 22 16:47:29 UTC 2026","passed","Sun Feb 22 16:47:29 UTC 2026","NEP-413 Verification > parseUserContextData > Negative Tests","Shared Library Unit Tests","",""
"","1","returns proposal and vote tags for vote_cast invalidation","rpc-tags helpers","Sun Feb 22 16:47:29 UTC 2026","passed","Sun Feb 22 16:47:29 UTC 2026","","","",""
"Upgrade test: Admin functions work correctly after upgrade.","5623","test_upgrade_admin_functions_work","Near Citizens House","Sun Feb 22 16:51:15 UTC 2026","passed","Sun Feb 22 16:51:20 UTC 2026","Versioning","Verified Accounts Integration Tests","",""
"","0","accepts accounts with underscores and hyphens","Near Citizens House","Sun Feb 22 16:47:29 UTC 2026","passed","Sun Feb 22 16:47:29 UTC 2026","NEAR Account Validation > nearNamedAccountSchema > valid named accounts","Shared Library Unit Tests","",""
"","0","accepts new wallet and token events","Analytics Event Type Safety","Sun Feb 22 16:47:29 UTC 2026","passed","Sun Feb 22 16:47:29 UTC 2026","","valid events compile correctly","",""
"","0","should produce different hash for different messages","Near Citizens House","Sun Feb 22 16:47:29 UTC 2026","passed","Sun Feb 22 16:47:29 UTC 2026","NEP-413 Verification > computeNep413Hash > Happy Path","Shared Library Unit Tests","",""
"Verifies config 014 config updates without one yocto.","224","ut_config_014_config_updates_without_one_yocto","Near Citizens House","Sun Feb 22 16:46:45 UTC 2026","passed","Sun Feb 22 16:46:45 UTC 2026","Configuration","Governance Unit Tests","",""
"","0","should produce consistent output for same input","Near Citizens House","Sun Feb 22 16:47:29 UTC 2026","passed","Sun Feb 22 16:47:29 UTC 2026","NEP-413 Verification > extractEd25519PublicKeyHex > Happy Path","Shared Library Unit Tests","",""
"","0","test_verification_serialization","Near Citizens House","Sun Feb 22 16:42:18 UTC 2026","passed","Sun Feb 22 16:42:18 UTC 2026","Serialization","Verified Accounts Interface Tests","",""
"","0","test_verification_summary_serialization","Near Citizens House","Sun Feb 22 16:42:18 UTC 2026","passed","Sun Feb 22 16:42:18 UTC 2026","Serialization","Verified Accounts Interface Tests","",""
"","0","derives different keys for different indices","Near Citizens House","Sun Feb 22 16:47:29 UTC 2026","passed","Sun Feb 22 16:47:29 UTC 2026","BackendKeyPool > key derivation","Backend Key Pool Unit Tests","",""
"","0","rejects missing 0x prefix","Near Citizens House","Sun Feb 22 16:47:29 UTC 2026","passed","Sun Feb 22 16:47:29 UTC 2026","NEAR Account Validation > ethImplicitAccountSchema > invalid ETH-implicit accounts","Shared Library Unit Tests","",""
"Verifies that the backend wallet can be updated and the new wallet gains proper permissions.","4732","test_update_backend_wallet","Near Citizens House","Sun Feb 22 16:51:10 UTC 2026","passed","Sun Feb 22 16:51:15 UTC 2026","Access Control","Verified Accounts Integration Tests","",""
"Verifies vote 001b cast vote requires sufficient prepaid gas.","89","ut_vote_001b_cast_vote_requires_sufficient_prepaid_gas","Near Citizens House","Sun Feb 22 16:46:45 UTC 2026","passed","Sun Feb 22 16:46:45 UTC 2026","Voting","Governance Unit Tests","",""
"Verifies admin 013 clear stale blocklist op by non admin.","34","ut_admin_013_clear_stale_blocklist_op_by_non_admin","Near Citizens House","Sun Feb 22 16:46:44 UTC 2026","passed","Sun Feb 22 16:46:44 UTC 2026","Admin","Governance Unit Tests","",""
"","0","pending callback delay after scheduled end","deriveProposalTimelineModel lifecycle coverage (contract-aligned)","Sun Feb 22 16:47:29 UTC 2026","passed","Sun Feb 22 16:47:29 UTC 2026","","","",""
"Verifies prop 018 cancel without yocto.","44","ut_prop_018_cancel_without_yocto","Near Citizens House","Sun Feb 22 16:46:45 UTC 2026","passed","Sun Feb 22 16:46:45 UTC 2026","Proposals","Governance Unit Tests","",""
"Verifies block 010 blocklisted vote rejected while valid vote counts.","9150","it_block_010_verified_and_blocklisted_voter_rejected","Near Citizens House","Sun Feb 22 17:10:33 UTC 2026","passed","Sun Feb 22 17:10:42 UTC 2026","Blocklist","Governance Integration Tests","",""
"","0","test_empty_user_context_data","Near Citizens House","Sun Feb 22 16:42:18 UTC 2026","passed","Sun Feb 22 16:42:18 UTC 2026","Serialization","Verified Accounts Interface Tests","",""
"","0","should handle maximum allowed length (4096 chars)","Near Citizens House","Sun Feb 22 16:47:29 UTC 2026","passed","Sun Feb 22 16:47:29 UTC 2026","NEP-413 Verification > parseUserContextData > Boundary Tests","Shared Library Unit Tests","",""
"Verifies that invalid NEAR signatures are rejected during NEP-413 verification.","31","test_invalid_signature","Near Citizens House","Sun Feb 22 16:42:18 UTC 2026","passed","Sun Feb 22 16:42:18 UTC 2026","Signature Verification","Verified Accounts Unit Tests","",""
"","2","should compute hash for valid message/nonce/recipient","Near Citizens House","Sun Feb 22 16:47:29 UTC 2026","passed","Sun Feb 22 16:47:29 UTC 2026","NEP-413 Verification > computeNep413Hash > Happy Path","Shared Library Unit Tests","",""
"Verifies vote 005 duplicate pending vote prevention.","60","ut_vote_005_duplicate_pending_vote_prevention","Near Citizens House","Sun Feb 22 16:46:45 UTC 2026","passed","Sun Feb 22 16:46:45 UTC 2026","Voting","Governance Unit Tests","",""
"Verifies init 004b voting period below min.","28","ut_init_004b_voting_period_below_min","Near Citizens House","Sun Feb 22 16:46:45 UTC 2026","passed","Sun Feb 22 16:46:45 UTC 2026","Initialization","Governance Unit Tests","",""
"Verifies that is_verified returns false for accounts that have not been verified.","2579","test_is_verified_returns_false_for_unverified","Near Citizens House","Sun Feb 22 16:51:13 UTC 2026","passed","Sun Feb 22 16:51:16 UTC 2026","Read Functions","Verified Accounts Integration Tests","",""
"","0","active (post-end) -> cancelled","deriveProposalTimelineModel lifecycle coverage (contract-aligned)","Sun Feb 22 16:47:29 UTC 2026","passed","Sun Feb 22 16:47:29 UTC 2026","","","",""
"Verifies block 018 large blocklist pagination has no gaps/duplicates and snapshots stay correct.","195072","it_block_018_large_blocklist_pagination_and_snapshot_consistency","Near Citizens House","Sun Feb 22 17:14:13 UTC 2026","passed","Sun Feb 22 17:17:28 UTC 2026","Blocklist","Governance Integration Tests","",""
"","0","should handle nonce with all 0xFF values (max byte)","Near Citizens House","Sun Feb 22 16:47:29 UTC 2026","passed","Sun Feb 22 16:47:29 UTC 2026","NEP-413 Verification > computeNep413Hash > Boundary Tests","Shared Library Unit Tests","",""
"Verifies block 002 add blocklist unverified account.","5109","it_block_002_add_blocklist_unverified_account","Near Citizens House","Sun Feb 22 17:09:11 UTC 2026","passed","Sun Feb 22 17:09:16 UTC 2026","Blocklist","Governance Integration Tests","",""
"Verifies config 007 update min bond during active.","6121","it_config_007_update_min_bond_during_active","Near Citizens House","Sun Feb 22 17:20:50 UTC 2026","passed","Sun Feb 22 17:20:57 UTC 2026","Configuration","Governance Integration Tests","",""
"","2","should reject signature for wrong nonce","Near Citizens House","Sun Feb 22 16:47:29 UTC 2026","passed","Sun Feb 22 16:47:29 UTC 2026","NEP-413 Verification > verifyNearSignature > Negative Tests","Shared Library Unit Tests","",""
"","2","should verify signature with unicode challenge","Near Citizens House","Sun Feb 22 16:47:29 UTC 2026","passed","Sun Feb 22 16:47:29 UTC 2026","NEP-413 Verification > verifyNearSignature > Positive Tests","Shared Library Unit Tests","",""
"","0","normalizes unknown rejection reasons","parseGovernanceVoteOutcome","Sun Feb 22 16:47:29 UTC 2026","passed","Sun Feb 22 16:47:29 UTC 2026","","","",""
"","0","pending -> failed (zero_snapshot) before start","deriveProposalTimelineModel lifecycle coverage (contract-aligned)","Sun Feb 22 16:47:29 UTC 2026","passed","Sun Feb 22 16:47:29 UTC 2026","","","",""
"Verifies prop 015b expire pending before pending expires.","56","ut_prop_015b_expire_pending_before_pending_expires","Near Citizens House","Sun Feb 22 16:46:45 UTC 2026","passed","Sun Feb 22 16:46:45 UTC 2026","Proposals","Governance Unit Tests","",""
"","0","test_verification_summary_json_invalid_timestamp_type_fails","Near Citizens House","Sun Feb 22 16:42:18 UTC 2026","passed","Sun Feb 22 16:42:18 UTC 2026","Validation","Verified Accounts Interface Tests","",""
"","0","rejects non-numeric nonce","Near Citizens House","Sun Feb 22 16:47:29 UTC 2026","passed","Sun Feb 22 16:47:29 UTC 2026","External Boundary Validation > nearAccessKeyResponseSchema","Shared Library Unit Tests","",""
"Verifies config 011 reduce grace allows finalize sooner.","20198","it_config_011_reduce_grace_allows_finalize_sooner","Near Citizens House","Sun Feb 22 17:21:33 UTC 2026","passed","Sun Feb 22 17:21:53 UTC 2026","Configuration","Governance Integration Tests","",""
"","0","rejects governance vote event without required fields","Analytics Event Type Safety","Sun Feb 22 16:47:29 UTC 2026","passed","Sun Feb 22 16:47:29 UTC 2026","","invalid events cause type errors","",""
"Verifies that unauthorized accounts cannot pause the contract. Security-critical test.","3726","test_unauthorized_pause","Near Citizens House","Sun Feb 22 16:51:10 UTC 2026","passed","Sun Feb 22 16:51:14 UTC 2026","Access Control","Verified Accounts Integration Tests","",""
"Verifies block 003 blocklist lock during active proposal.","6117","it_block_003_blocklist_lock_during_active_proposal","Near Citizens House","Sun Feb 22 17:09:16 UTC 2026","passed","Sun Feb 22 17:09:22 UTC 2026","Blocklist","Governance Integration Tests","",""
"","2","should parse valid hex-encoded JSON input","Near Citizens House","Sun Feb 22 16:47:29 UTC 2026","passed","Sun Feb 22 16:47:29 UTC 2026","NEP-413 Verification > parseUserContextData > Happy Path","Shared Library Unit Tests","",""
"Verifies event 002 admin wallet still requires verification to vote.","7634","it_event_002_admin_wallet_still_requires_verification_to_vote","Near Citizens House","Sun Feb 22 17:26:20 UTC 2026","passed","Sun Feb 22 17:26:27 UTC 2026","Events","Governance Integration Tests","",""
"Verifies that changing the nonce after signing invalidates the signature.","26","test_signature_wrong_nonce_rejected","Near Citizens House","Sun Feb 22 16:42:18 UTC 2026","passed","Sun Feb 22 16:42:18 UTC 2026","Signature Verification","Verified Accounts Unit Tests","",""
"","0","pending -> failed (pending_expired) after scheduled start","deriveProposalTimelineModel lifecycle coverage (contract-aligned)","Sun Feb 22 16:47:29 UTC 2026","passed","Sun Feb 22 16:47:29 UTC 2026","","","",""
"","1","rejects all invalid examples from NEAR spec","Near Citizens House","Sun Feb 22 16:47:29 UTC 2026","passed","Sun Feb 22 16:47:29 UTC 2026","NEAR Account Validation > nearNamedAccountSchema > invalid named accounts","Shared Library Unit Tests","",""
"Verifies vote async 003 callback error leaves no pending lock.","6114","it_vote_async_003_callback_error_leaves_no_pending_lock","Near Citizens House","Sun Feb 22 17:32:28 UTC 2026","passed","Sun Feb 22 17:32:34 UTC 2026","Async Voting","Governance Integration Tests","",""
"
## Purpose
Verifies the complete happy path for storing a verified account with real ED25519 cryptographic signatures.

## Preconditions
- Backend wallet is configured as contract owner
- User has a valid ED25519 keypair
- NEP-413 signature is properly formatted and valid

## Expected Behavior
1. Verification is stored without panic
2. Account is marked as verified
3. Verified count increments to 1
4. `verification_stored` event is emitted with correct JSON format
5. Account data is retrievable
","30","test_happy_path_store_verification","Near Citizens House","Sun Feb 22 16:42:18 UTC 2026","passed","Sun Feb 22 16:42:18 UTC 2026","Store Verification","Verified Accounts Unit Tests","",""
"","0","returns the first validation error in field order","governance proposal validation","Sun Feb 22 16:47:29 UTC 2026","passed","Sun Feb 22 16:47:29 UTC 2026","","","",""
"","0","keeps existing voting-mode behavior unchanged","proxy governance admin route override","Sun Feb 22 16:47:29 UTC 2026","passed","Sun Feb 22 16:47:29 UTC 2026","","","",""
"Verifies view 010 has voted nonexistent proposal.","30","ut_view_010_has_voted_nonexistent_proposal","Near Citizens House","Sun Feb 22 16:46:45 UTC 2026","passed","Sun Feb 22 16:46:45 UTC 2026","View","Governance Unit Tests","",""
"Verifies that batch verification returns false for all non-verified accounts.","28","test_are_verified_empty","Near Citizens House","Sun Feb 22 16:42:18 UTC 2026","passed","Sun Feb 22 16:42:18 UTC 2026","Composability Interface","Verified Accounts Unit Tests","",""
"","0","rejects accounts starting with separator","Near Citizens House","Sun Feb 22 16:47:29 UTC 2026","passed","Sun Feb 22 16:47:29 UTC 2026","NEAR Account Validation > nearNamedAccountSchema > invalid named accounts","Shared Library Unit Tests","",""
"Verifies store 002 deposit required and excess refunded.","7628","it_store_002_deposit_required_and_excess_refunded","Near Citizens House","Sun Feb 22 17:31:04 UTC 2026","passed","Sun Feb 22 17:31:12 UTC 2026","Storage","Governance Integration Tests","",""
"","1","uses a distinct namespace from worker key derivation","deterministic voter key helpers","Sun Feb 22 16:47:29 UTC 2026","passed","Sun Feb 22 16:47:29 UTC 2026","","","",""
"Verifies vote async 001 submitted before end callback after end.","18189","it_vote_async_001_submitted_before_end_callback_after_end","Near Citizens House","Sun Feb 22 17:31:52 UTC 2026","passed","Sun Feb 22 17:32:10 UTC 2026","Async Voting","Governance Integration Tests","",""
"","0","shows post-snapshot verification ineligible state","deriveVotePanelState","Sun Feb 22 16:47:29 UTC 2026","passed","Sun Feb 22 16:47:29 UTC 2026","","","",""
"","0","rejects invalid stage value for errors","Analytics Event Type Safety","Sun Feb 22 16:47:29 UTC 2026","passed","Sun Feb 22 16:47:29 UTC 2026","","invalid events cause type errors","",""
"","1","prioritizes pending proposal state even when wallet is disconnected","deriveVotePanelState","Sun Feb 22 16:47:29 UTC 2026","passed","Sun Feb 22 16:47:29 UTC 2026","","","",""
"","0","keys are valid ed25519 public keys","Near Citizens House","Sun Feb 22 16:47:29 UTC 2026","passed","Sun Feb 22 16:47:29 UTC 2026","BackendKeyPool > key derivation","Backend Key Pool Unit Tests","",""
"Verifies init 006 min proposal bond min.","28","ut_init_006_min_proposal_bond_min","Near Citizens House","Sun Feb 22 16:46:45 UTC 2026","passed","Sun Feb 22 16:46:45 UTC 2026","Initialization","Governance Unit Tests","",""
"","0","rejects missing nonce","Near Citizens House","Sun Feb 22 16:47:29 UTC 2026","passed","Sun Feb 22 16:47:29 UTC 2026","External Boundary Validation > nearAccessKeyResponseSchema","Shared Library Unit Tests","",""
"","1","accepts FunctionCall permission","Near Citizens House","Sun Feb 22 16:47:29 UTC 2026","passed","Sun Feb 22 16:47:29 UTC 2026","External Boundary Validation > nearAccessKeyResponseSchema","Shared Library Unit Tests","",""
"Verifies prop 009 finalize status preconditions.","216","ut_prop_009_finalize_status_preconditions","Near Citizens House","Sun Feb 22 16:46:45 UTC 2026","passed","Sun Feb 22 16:46:45 UTC 2026","Proposals","Governance Unit Tests","",""
"","1","cycles through keys 0-9 repeatedly","Near Citizens House","Sun Feb 22 16:47:29 UTC 2026","passed","Sun Feb 22 16:47:29 UTC 2026","BackendKeyPool > Redis round-robin","Backend Key Pool Unit Tests","",""
"","0","should work without ed25519: prefix","Near Citizens House","Sun Feb 22 16:47:29 UTC 2026","passed","Sun Feb 22 16:47:29 UTC 2026","NEP-413 Verification > extractEd25519PublicKeyHex > Positive Tests - Prefix Handling","Shared Library Unit Tests","",""
"","0","accepts deeply nested subaccounts","Near Citizens House","Sun Feb 22 16:47:29 UTC 2026","passed","Sun Feb 22 16:47:29 UTC 2026","NEAR Account Validation > nearNamedAccountSchema > valid named accounts","Shared Library Unit Tests","",""
"Verifies vote async 004 stuck pending vote cleared by admin.","7124","it_vote_async_004_stuck_pending_vote_cleared_by_admin","Near Citizens House","Sun Feb 22 17:32:34 UTC 2026","passed","Sun Feb 22 17:32:42 UTC 2026","Async Voting","Governance Integration Tests","",""
"","0","fails malformed success payloads","relay vote response classification","Sun Feb 22 16:47:29 UTC 2026","passed","Sun Feb 22 16:47:29 UTC 2026","","","",""
"","0","should return null for empty accountId","Near Citizens House","Sun Feb 22 16:47:29 UTC 2026","passed","Sun Feb 22 16:47:29 UTC 2026","NEP-413 Verification > parseUserContextData > Negative Tests","Shared Library Unit Tests","",""
"Verifies that an already verified account cannot be verified again.","4079","test_account_already_verified_rejected","Near Citizens House","Sun Feb 22 16:51:14 UTC 2026","passed","Sun Feb 22 16:51:18 UTC 2026","Signature Verification","Verified Accounts Integration Tests","",""
"Verifies snap 004 zero effective count.","80","ut_snap_004_zero_effective_count","Near Citizens House","Sun Feb 22 16:46:44 UTC 2026","passed","Sun Feb 22 16:46:44 UTC 2026","Callbacks","Governance Unit Tests","",""
"Verifies init 008 max start delay max.","28","ut_init_008_max_start_delay_max","Near Citizens House","Sun Feb 22 16:46:45 UTC 2026","passed","Sun Feb 22 16:46:45 UTC 2026","Initialization","Governance Unit Tests","",""
"","1","accepts valid verification events","Analytics Event Type Safety","Sun Feb 22 16:47:29 UTC 2026","passed","Sun Feb 22 16:47:29 UTC 2026","","valid events compile correctly","",""
"","0","should produce exactly 32-byte (64 hex char) output","Near Citizens House","Sun Feb 22 16:47:29 UTC 2026","passed","Sun Feb 22 16:47:29 UTC 2026","NEP-413 Verification > extractEd25519PublicKeyHex > Boundary Tests","Shared Library Unit Tests","",""
"Verifies block 011 blocklist without one yocto.","40","ut_block_011_blocklist_without_one_yocto","Near Citizens House","Sun Feb 22 16:46:44 UTC 2026","passed","Sun Feb 22 16:46:44 UTC 2026","Blocklist","Governance Unit Tests","",""
"","3","should reject signature from wrong signer","Near Citizens House","Sun Feb 22 16:47:29 UTC 2026","passed","Sun Feb 22 16:47:29 UTC 2026","NEP-413 Verification > verifyNearSignature > Negative Tests","Shared Library Unit Tests","",""
"Verifies view 012 list votes nonexistent proposal.","40","ut_view_012_list_votes_nonexistent_proposal","Near Citizens House","Sun Feb 22 16:46:45 UTC 2026","passed","Sun Feb 22 16:46:45 UTC 2026","View","Governance Unit Tests","",""
"Verifies init 007 grace period max.","30","ut_init_007_grace_period_max","Near Citizens House","Sun Feb 22 16:46:45 UTC 2026","passed","Sun Feb 22 16:46:45 UTC 2026","Initialization","Governance Unit Tests","",""
"Verifies block 011 adding existing blocklist entry is idempotent.","6615","it_block_011_add_existing_blocklist_entry_is_idempotent","Near Citizens House","Sun Feb 22 17:10:42 UTC 2026","passed","Sun Feb 22 17:10:49 UTC 2026","Blocklist","Governance Integration Tests","",""
"","0","should reject long signature","Near Citizens House","Sun Feb 22 16:47:29 UTC 2026","passed","Sun Feb 22 16:47:29 UTC 2026","NEP-413 Verification > verifyNearSignature > Boundary Tests","Shared Library Unit Tests","",""
"","0","classifies not_verified relay errors","relay vote response classification","Sun Feb 22 16:47:29 UTC 2026","passed","Sun Feb 22 16:47:29 UTC 2026","","","",""
"Verifies prop 013c quorum ceiling rounds up.","165","ut_prop_013c_quorum_ceiling_rounds_up","Near Citizens House","Sun Feb 22 16:46:45 UTC 2026","passed","Sun Feb 22 16:46:45 UTC 2026","Proposals","Governance Unit Tests","",""
"","0","returns false for invalid accounts","Near Citizens House","Sun Feb 22 16:47:29 UTC 2026","passed","Sun Feb 22 16:47:29 UTC 2026","NEAR Account Validation > isValidNearAccountId","Shared Library Unit Tests","",""
"","1","parses vote_cast from receipt logs","resolveGovernanceVoteOutcome","Sun Feb 22 16:47:29 UTC 2026","passed","Sun Feb 22 16:47:29 UTC 2026","","","",""
"Verifies snap 001 snapshot callback failure.","5613","it_snap_001_snapshot_callback_failure","Near Citizens House","Sun Feb 22 17:29:07 UTC 2026","passed","Sun Feb 22 17:29:13 UTC 2026","Snapshots","Governance Integration Tests","",""
"Verifies block 001 blocklist locked by pending.","54","ut_block_001_blocklist_locked_by_pending","Near Citizens House","Sun Feb 22 16:46:44 UTC 2026","passed","Sun Feb 22 16:46:44 UTC 2026","Blocklist","Governance Unit Tests","",""
"Verifies refund 008 zero refund when deposit equals storage cost.","10651","it_refund_008_zero_refund_when_deposit_equals_storage_cost","Near Citizens House","Sun Feb 22 17:30:32 UTC 2026","passed","Sun Feb 22 17:30:43 UTC 2026","Storage","Governance Integration Tests","",""
"","0","should produce different hash for different recipients","Near Citizens House","Sun Feb 22 16:47:29 UTC 2026","passed","Sun Feb 22 16:47:29 UTC 2026","NEP-413 Verification > computeNep413Hash > Happy Path","Shared Library Unit Tests","",""
"Verifies that nonces shorter than 32 bytes are rejected.","30","test_invalid_nonce_length","Near Citizens House","Sun Feb 22 16:42:18 UTC 2026","passed","Sun Feb 22 16:42:18 UTC 2026","Signature Verification","Verified Accounts Unit Tests","",""
"Verifies that store_verification accepts maximum-length inputs for user context data.","25","test_stress_max_length_inputs","Near Citizens House","Sun Feb 22 16:42:18 UTC 2026","passed","Sun Feb 22 16:42:18 UTC 2026","Stress Tests","Verified Accounts Unit Tests","",""
"","1","should reject signature for wrong recipient","Near Citizens House","Sun Feb 22 16:47:29 UTC 2026","passed","Sun Feb 22 16:47:29 UTC 2026","NEP-413 Verification > verifyNearSignature > Negative Tests","Shared Library Unit Tests","",""
"Verifies that are_verified enforces the batch size limit of 100 accounts.","2158","test_batch_size_limit_enforced","Near Citizens House","Sun Feb 22 16:51:13 UTC 2026","passed","Sun Feb 22 16:51:15 UTC 2026","Security","Verified Accounts Integration Tests","",""
"Verifies init 007b grace period below min.","39","ut_init_007b_grace_period_below_min","Near Citizens House","Sun Feb 22 16:46:45 UTC 2026","passed","Sun Feb 22 16:46:45 UTC 2026","Initialization","Governance Unit Tests","",""
"Verifies block 006 unblocklist blocked by pending op.","57","ut_block_006_unblocklist_blocked_by_pending_op","Near Citizens House","Sun Feb 22 16:46:44 UTC 2026","passed","Sun Feb 22 16:46:44 UTC 2026","Blocklist","Governance Unit Tests","",""
"","0","should parse valid plain JSON input","Near Citizens House","Sun Feb 22 16:47:29 UTC 2026","passed","Sun Feb 22 16:47:29 UTC 2026","NEP-413 Verification > parseUserContextData > Happy Path","Shared Library Unit Tests","",""
"Verifies block 007 clear stale blocklist op success.","57","ut_block_007_clear_stale_blocklist_op_success","Near Citizens House","Sun Feb 22 16:46:44 UTC 2026","passed","Sun Feb 22 16:46:44 UTC 2026","Blocklist","Governance Unit Tests","",""
"","0","test_verification_summary_json_missing_near_account_id_fails","Near Citizens House","Sun Feb 22 16:42:18 UTC 2026","passed","Sun Feb 22 16:42:18 UTC 2026","Validation","Verified Accounts Interface Tests","",""
"","0","handles object errors","Near Citizens House","Sun Feb 22 16:47:29 UTC 2026","passed","Sun Feb 22 16:47:29 UTC 2026","error message formatting","Backend Key Registration Unit Tests","",""
"","2","should have externalUserId as required (used for NEAR account mapping)","SumSub webhook schema drift detection","Sun Feb 22 16:47:29 UTC 2026","passed","Sun Feb 22 16:47:29 UTC 2026","","","",""
"","0","accepts granular sumsub events","Analytics Event Type Safety","Sun Feb 22 16:47:29 UTC 2026","passed","Sun Feb 22 16:47:29 UTC 2026","","valid events compile correctly","",""
"","0","requires platform on updated events","Analytics Event Type Safety","Sun Feb 22 16:47:29 UTC 2026","passed","Sun Feb 22 16:47:29 UTC 2026","","invalid events cause type errors","",""
"Verifies config 003 update verified contract locked by active.","68","ut_config_003_update_verified_contract_locked_by_active","Near Citizens House","Sun Feb 22 16:46:44 UTC 2026","passed","Sun Feb 22 16:46:44 UTC 2026","Configuration","Governance Unit Tests","",""
"Verifies e2e 011 deferred start end to end.","21210","it_e2e_011_deferred_start_end_to_end","Near Citizens House","Sun Feb 22 17:24:52 UTC 2026","passed","Sun Feb 22 17:25:13 UTC 2026","End-to-End","Governance Integration Tests","",""
"Verifies admin 012 clear stale pending vote by non admin.","44","ut_admin_012_clear_stale_pending_vote_by_non_admin","Near Citizens House","Sun Feb 22 16:46:44 UTC 2026","passed","Sun Feb 22 16:46:44 UTC 2026","Admin","Governance Unit Tests","",""
"","4","bypasses stage-gating for sentry tunnel route","proxy governance admin route override","Sun Feb 22 16:47:29 UTC 2026","passed","Sun Feb 22 16:47:29 UTC 2026","","","",""
"","0","should require exactly 32-byte nonce","Near Citizens House","Sun Feb 22 16:47:29 UTC 2026","passed","Sun Feb 22 16:47:29 UTC 2026","NEP-413 Verification > computeNep413Hash > Boundary Tests","Shared Library Unit Tests","",""
"","1","should reject invalid signature","Near Citizens House","Sun Feb 22 16:47:29 UTC 2026","passed","Sun Feb 22 16:47:29 UTC 2026","NEP-413 Verification > verifyNearSignature > Negative Tests","Shared Library Unit Tests","",""
"Verifies init 001 successful initialization.","28","ut_init_001_successful_initialization","Near Citizens House","Sun Feb 22 16:46:45 UTC 2026","passed","Sun Feb 22 16:46:45 UTC 2026","Initialization","Governance Unit Tests","",""
"Verifies that get_full_verification returns the correct verification data.","3574","test_get_full_verification_returns_data","Near Citizens House","Sun Feb 22 16:51:14 UTC 2026","passed","Sun Feb 22 16:51:18 UTC 2026","Signature Verification","Verified Accounts Integration Tests","",""
"","0","should return null for empty string","Near Citizens House","Sun Feb 22 16:47:29 UTC 2026","passed","Sun Feb 22 16:47:29 UTC 2026","NEP-413 Verification > parseUserContextData > Boundary Tests","Shared Library Unit Tests","",""
"Alias test to align documentation naming; asserts backend wallet update succeeds and persists.","27","test_update","Near Citizens House","Sun Feb 22 16:42:18 UTC 2026","passed","Sun Feb 22 16:42:18 UTC 2026","Backend Wallet Management","Verified Accounts Unit Tests","",""
"Verifies bond 001 retained after succeeded.","19201","it_bond_001_retained_after_succeeded","Near Citizens House","Sun Feb 22 17:18:52 UTC 2026","passed","Sun Feb 22 17:19:11 UTC 2026","Bond","Governance Integration Tests","",""
"Stress test: store many verifications and validate batch read APIs at max size.","1010932","test_stress_batch_reads_at_max_limit","Near Citizens House","Sun Feb 22 16:51:14 UTC 2026","passed","Sun Feb 22 17:08:05 UTC 2026","Stress Tests","Verified Accounts Integration Tests","",""
"Verifies init 005c pending expiry above max.","29","ut_init_005c_pending_expiry_above_max","Near Citizens House","Sun Feb 22 16:46:45 UTC 2026","passed","Sun Feb 22 16:46:45 UTC 2026","Initialization","Governance Unit Tests","",""
"Migrate function test: Explicitly call migrate() after upgrading to V2. This tests the #[init(ignore_state)] + #[private] migration pattern. The migrate() function should read the existing V1 state and return it (no transformation in current version).","5621","test_migrate_function_explicit_call","Near Citizens House","Sun Feb 22 16:51:14 UTC 2026","passed","Sun Feb 22 16:51:20 UTC 2026","Versioning","Verified Accounts Integration Tests","",""
"Verifies vote cb 003b proposal pending.","56","ut_vote_cb_003b_proposal_pending","Near Citizens House","Sun Feb 22 16:46:44 UTC 2026","passed","Sun Feb 22 16:46:44 UTC 2026","Callbacks","Governance Unit Tests","",""
"Verifies that only the backend wallet can unpause the contract and unauthorized accounts are rejected.","57","test_unauthorized_unpause","Near Citizens House","Sun Feb 22 16:42:18 UTC 2026","passed","Sun Feb 22 16:42:18 UTC 2026","Pause/Unpause","Verified Accounts Unit Tests","",""
"Verifies admin 010c clear stale pending vote zero deposit.","39","ut_admin_010c_clear_stale_pending_vote_zero_deposit","Near Citizens House","Sun Feb 22 16:46:44 UTC 2026","passed","Sun Feb 22 16:46:44 UTC 2026","Admin","Governance Unit Tests","",""
"Verifies prop 002 length boundaries.","42","ut_prop_002_length_boundaries","Near Citizens House","Sun Feb 22 16:46:45 UTC 2026","passed","Sun Feb 22 16:46:45 UTC 2026","Proposals","Governance Unit Tests","",""
"Verifies block 004 unblocklist happy path.","6114","it_block_004_unblocklist_happy_path","Near Citizens House","Sun Feb 22 17:09:22 UTC 2026","passed","Sun Feb 22 17:09:29 UTC 2026","Blocklist","Governance Integration Tests","",""
"Verifies store 004 refund calculation accuracy.","7628","it_store_004_refund_calculation_accuracy","Near Citizens House","Sun Feb 22 17:31:19 UTC 2026","passed","Sun Feb 22 17:31:26 UTC 2026","Storage","Governance Integration Tests","",""
"","0","has 5 max retries","Near Citizens House","Sun Feb 22 16:47:29 UTC 2026","passed","Sun Feb 22 16:47:29 UTC 2026","retry configuration","Backend Key Registration Unit Tests","",""
"Verifies view 004b get vote and has voted after vote.","62","ut_view_004b_get_vote_and_has_voted_after_vote","Near Citizens House","Sun Feb 22 16:46:45 UTC 2026","passed","Sun Feb 22 16:46:45 UTC 2026","View","Governance Unit Tests","",""
"Verifies e2e 006 non admin can finalize.","17183","it_e2e_006_non_admin_can_finalize","Near Citizens House","Sun Feb 22 17:23:40 UTC 2026","passed","Sun Feb 22 17:23:57 UTC 2026","End-to-End","Governance Integration Tests","",""
"Verifies event 010 blocklist added removed payload types.","69","ut_event_010_blocklist_added_removed_payload_types","Near Citizens House","Sun Feb 22 16:46:45 UTC 2026","passed","Sun Feb 22 16:46:45 UTC 2026","JSON Events","Governance Unit Tests","",""
"","0","adds jitter when specified","Near Citizens House","Sun Feb 22 16:47:29 UTC 2026","passed","Sun Feb 22 16:47:29 UTC 2026","sleep function behavior","Backend Key Registration Unit Tests","",""
"Verifies store 003 deposit refunded on rejection.","7119","it_store_003_deposit_refunded_on_rejection","Near Citizens House","Sun Feb 22 17:31:12 UTC 2026","passed","Sun Feb 22 17:31:19 UTC 2026","Storage","Governance Integration Tests","",""
"Verifies admin 010b clear stale pending vote refunds deposit.","41","ut_admin_010b_clear_stale_pending_vote_refunds_deposit","Near Citizens House","Sun Feb 22 16:46:44 UTC 2026","passed","Sun Feb 22 16:46:44 UTC 2026","Admin","Governance Unit Tests","",""
"","0","shows loading state while eligibility is being checked","deriveVotePanelState","Sun Feb 22 16:47:29 UTC 2026","passed","Sun Feb 22 16:47:29 UTC 2026","","","",""
"Verifies admin 002b add admin by non admin with yocto.","70","ut_admin_002b_add_admin_by_non_admin_with_yocto","Near Citizens House","Sun Feb 22 16:46:44 UTC 2026","passed","Sun Feb 22 16:46:44 UTC 2026","Admin","Governance Unit Tests","",""
"Verifies view 004 get vote and has voted not found.","44","ut_view_004_get_vote_and_has_voted_not_found","Near Citizens House","Sun Feb 22 16:46:45 UTC 2026","passed","Sun Feb 22 16:46:45 UTC 2026","View","Governance Unit Tests","",""
"Verifies block 017 quorum ceil rounding boundaries at 3333 vs 3334 bps.","49385","it_block_017_quorum_rounding_boundaries_3333_vs_3334","Near Citizens House","Sun Feb 22 17:13:23 UTC 2026","passed","Sun Feb 22 17:14:13 UTC 2026","Blocklist","Governance Integration Tests","",""
"Verifies block 009 blocklist by non admin.","43","ut_block_009_blocklist_by_non_admin","Near Citizens House","Sun Feb 22 16:46:44 UTC 2026","passed","Sun Feb 22 16:46:44 UTC 2026","Blocklist","Governance Unit Tests","",""
"Verifies admin 006 is admin and list admins.","42","ut_admin_006_is_admin_and_list_admins","Near Citizens House","Sun Feb 22 16:46:44 UTC 2026","passed","Sun Feb 22 16:46:44 UTC 2026","Admin","Governance Unit Tests","",""
"","0","recognizes '429' as retryable","Near Citizens House","Sun Feb 22 16:47:29 UTC 2026","passed","Sun Feb 22 16:47:29 UTC 2026","isRetryableError (tested via message patterns)","Backend Key Registration Unit Tests","",""
"","2","does not skip in test mode","Near Citizens House","Sun Feb 22 16:47:29 UTC 2026","passed","Sun Feb 22 16:47:29 UTC 2026","environment checks","Backend Key Registration Unit Tests","",""
"NEP-413 specifies tag = 2147484061 (2^31 + 413) as little-endian 4-byte prefix","0","should use correct NEP-413 tag (2^31 + 413)","Near Citizens House","Sun Feb 22 16:47:29 UTC 2026","passed","Sun Feb 22 16:47:29 UTC 2026","NEP-413 Verification > computeNep413Hash > NEP-413 Tag Verification","Shared Library Unit Tests","",""
"Verifies prop 005 start at too far.","37","ut_prop_005_start_at_too_far","Near Citizens House","Sun Feb 22 16:46:45 UTC 2026","passed","Sun Feb 22 16:46:45 UTC 2026","Proposals","Governance Unit Tests","",""
"","0","rejects non-hex characters","Near Citizens House","Sun Feb 22 16:47:29 UTC 2026","passed","Sun Feb 22 16:47:29 UTC 2026","NEAR Account Validation > nearImplicitAccountSchema > invalid implicit accounts","Shared Library Unit Tests","",""
"Verifies block 006 pending blocklist op prevents unblocklist.","6944","it_block_006_pending_blocklist_op_prevents_unblocklist","Near Citizens House","Sun Feb 22 17:09:47 UTC 2026","passed","Sun Feb 22 17:09:54 UTC 2026","Blocklist","Governance Integration Tests","",""
"Verifies block 003 unblocklist locked by pending.","57","ut_block_003_unblocklist_locked_by_pending","Near Citizens House","Sun Feb 22 16:46:44 UTC 2026","passed","Sun Feb 22 16:46:44 UTC 2026","Blocklist","Governance Unit Tests","",""
"Verifies config 002 update voting period during active affects only future proposals.","7131","it_config_002_update_voting_period_during_active","Near Citizens House","Sun Feb 22 17:20:01 UTC 2026","passed","Sun Feb 22 17:20:08 UTC 2026","Configuration","Governance Integration Tests","",""
"Verifies block 005 is blocklist locked.","85","ut_block_005_is_blocklist_locked","Near Citizens House","Sun Feb 22 16:46:44 UTC 2026","passed","Sun Feb 22 16:46:44 UTC 2026","Blocklist","Governance Unit Tests","",""
"","0","classifies already-voted errors","relay vote response classification","Sun Feb 22 16:47:29 UTC 2026","passed","Sun Feb 22 16:47:29 UTC 2026","","","",""
"Verifies refund 005 full refund on post finalize.","19016","it_refund_005_full_refund_on_post_finalize","Near Citizens House","Sun Feb 22 17:29:48 UTC 2026","passed","Sun Feb 22 17:30:07 UTC 2026","Storage","Governance Integration Tests","",""
"Verifies prop 012 finalize zero snapshot defensive fail.","59","ut_prop_012_finalize_zero_snapshot_defensive_fail","Near Citizens House","Sun Feb 22 16:46:45 UTC 2026","passed","Sun Feb 22 16:46:45 UTC 2026","Proposals","Governance Unit Tests","",""
"Verifies mig 001 migrate requires admin and one yocto.","6115","it_mig_001_migrate_requires_admin_and_one_yocto","Near Citizens House","Sun Feb 22 17:26:48 UTC 2026","passed","Sun Feb 22 17:26:55 UTC 2026","Migration","Governance Integration Tests","",""
"","1","should handle very long message","Near Citizens House","Sun Feb 22 16:47:29 UTC 2026","passed","Sun Feb 22 16:47:29 UTC 2026","NEP-413 Verification > computeNep413Hash > Edge Cases","Shared Library Unit Tests","",""
"Verifies admin 002 add admin by non admin.","69","ut_admin_002_add_admin_by_non_admin","Near Citizens House","Sun Feb 22 16:46:44 UTC 2026","passed","Sun Feb 22 16:46:44 UTC 2026","Admin","Governance Unit Tests","",""
"Verifies prop 003b bond above min.","51","ut_prop_003b_bond_above_min","Near Citizens House","Sun Feb 22 16:46:45 UTC 2026","passed","Sun Feb 22 16:46:45 UTC 2026","Proposals","Governance Unit Tests","",""
"Verifies prop 014 cancel does not clear pending votes.","70","ut_prop_014_cancel_does_not_clear_pending_votes","Near Citizens House","Sun Feb 22 16:46:45 UTC 2026","passed","Sun Feb 22 16:46:45 UTC 2026","Proposals","Governance Unit Tests","",""
"","0","identifies ETH-implicit accounts","Near Citizens House","Sun Feb 22 16:47:29 UTC 2026","passed","Sun Feb 22 16:47:29 UTC 2026","NEAR Account Validation > getNearAccountType","Shared Library Unit Tests","",""
"","0","rejects records that attempt to include private key material","deterministic voter manifest helpers","Sun Feb 22 16:47:29 UTC 2026","passed","Sun Feb 22 16:47:29 UTC 2026","","","",""
"Verifies that backend wallet can be updated by the current backend wallet, emitting proper events.","40","test_update_backend_wallet","Near Citizens House","Sun Feb 22 16:42:18 UTC 2026","passed","Sun Feb 22 16:42:18 UTC 2026","Backend Wallet Management","Verified Accounts Unit Tests","",""
"Verifies bond 003 retained after cancelled.","6119","it_bond_003_retained_after_cancelled","Near Citizens House","Sun Feb 22 17:19:31 UTC 2026","passed","Sun Feb 22 17:19:37 UTC 2026","Bond","Governance Integration Tests","",""
"Verifies that list_verifications returns an empty list when no accounts have been verified.","2077","test_list_verifications_empty","Near Citizens House","Sun Feb 22 16:51:13 UTC 2026","passed","Sun Feb 22 16:51:15 UTC 2026","Read Functions","Verified Accounts Integration Tests","",""
"Verifies admin 018 removed admin cannot act.","68","ut_admin_018_removed_admin_cannot_act","Near Citizens House","Sun Feb 22 16:46:44 UTC 2026","passed","Sun Feb 22 16:46:44 UTC 2026","Admin","Governance Unit Tests","",""
"Verifies prop 001 author empty.","35","ut_prop_001_author_empty","Near Citizens House","Sun Feb 22 16:46:45 UTC 2026","passed","Sun Feb 22 16:46:45 UTC 2026","Proposals","Governance Unit Tests","",""
"Verifies that store_verification rejects when signature account_id doesn't match near_account_id parameter.","56","test_account_id_mismatch","Near Citizens House","Sun Feb 22 16:42:18 UTC 2026","passed","Sun Feb 22 16:42:18 UTC 2026","Input Validation","Verified Accounts Unit Tests","",""
"Verifies refund 002 full refund on not verified.","8136","it_refund_002_full_refund_on_not_verified","Near Citizens House","Sun Feb 22 17:29:25 UTC 2026","passed","Sun Feb 22 17:29:33 UTC 2026","Storage","Governance Integration Tests","",""
"Verifies admin 010 clear stale pending vote missing record.","96","ut_admin_010_clear_stale_pending_vote_missing_record","Near Citizens House","Sun Feb 22 16:46:44 UTC 2026","passed","Sun Feb 22 16:46:44 UTC 2026","Admin","Governance Unit Tests","",""
"Verifies vote 001 rejects non active succeeded.","55","ut_vote_001_rejects_non_active_succeeded","Near Citizens House","Sun Feb 22 16:46:45 UTC 2026","passed","Sun Feb 22 16:46:45 UTC 2026","Voting","Governance Unit Tests","",""
"","0","rejects accounts longer than 64 chars","Near Citizens House","Sun Feb 22 16:47:29 UTC 2026","passed","Sun Feb 22 16:47:29 UTC 2026","NEAR Account Validation > nearNamedAccountSchema > invalid named accounts","Shared Library Unit Tests","",""
"","0","accepts valid citizens events","Analytics Event Type Safety","Sun Feb 22 16:47:29 UTC 2026","passed","Sun Feb 22 16:47:29 UTC 2026","","valid events compile correctly","",""
"Verifies prop 005 start at boundaries.","30","ut_prop_005_start_at_boundaries","Near Citizens House","Sun Feb 22 16:46:45 UTC 2026","passed","Sun Feb 22 16:46:45 UTC 2026","Proposals","Governance Unit Tests","",""
"Verifies config 005 grace period change affects existing.","21713","it_config_005_grace_period_change_affects_existing","Near Citizens House","Sun Feb 22 17:20:23 UTC 2026","passed","Sun Feb 22 17:20:44 UTC 2026","Configuration","Governance Integration Tests","",""
"","0","handles high counter values with modulo","Near Citizens House","Sun Feb 22 16:47:29 UTC 2026","passed","Sun Feb 22 16:47:29 UTC 2026","BackendKeyPool > Redis round-robin","Backend Key Pool Unit Tests","",""
"Verifies bond 005 retained after snapshot callback failed.","5612","it_bond_005_retained_after_snapshot_callback_failed","Near Citizens House","Sun Feb 22 17:19:44 UTC 2026","passed","Sun Feb 22 17:19:50 UTC 2026","Bond","Governance Integration Tests","",""
"Verifies prop 006 created start ends.","84","ut_prop_006_created_start_ends","Near Citizens House","Sun Feb 22 16:46:45 UTC 2026","passed","Sun Feb 22 16:46:45 UTC 2026","Proposals","Governance Unit Tests","",""
"Verifies prop 015c expire pending at pending expires.","59","ut_prop_015c_expire_pending_at_pending_expires","Near Citizens House","Sun Feb 22 16:46:45 UTC 2026","passed","Sun Feb 22 16:46:45 UTC 2026","Proposals","Governance Unit Tests","",""
"Verifies prop 000b create proposal requires sufficient prepaid gas.","65","ut_prop_000b_create_proposal_requires_sufficient_prepaid_gas","Near Citizens House","Sun Feb 22 16:46:45 UTC 2026","passed","Sun Feb 22 16:46:45 UTC 2026","Proposals","Governance Unit Tests","",""
"","0","detects manifest/derived mismatches","deterministic voter manifest helpers","Sun Feb 22 16:47:29 UTC 2026","passed","Sun Feb 22 16:47:29 UTC 2026","","","",""
"Verifies that unicode characters in user_context_data are handled correctly.","3768","test_unicode_in_user_context_data","Near Citizens House","Sun Feb 22 16:51:10 UTC 2026","passed","Sun Feb 22 16:51:14 UTC 2026","Edge Cases","Verified Accounts Integration Tests","",""
"Verifies init 004c voting period above max.","29","ut_init_004c_voting_period_above_max","Near Citizens House","Sun Feb 22 16:46:45 UTC 2026","passed","Sun Feb 22 16:46:45 UTC 2026","Initialization","Governance Unit Tests","",""
"Verifies json 002 get vote list votes voted at string.","67","ut_json_002_get_vote_list_votes_voted_at_string","Near Citizens House","Sun Feb 22 16:46:45 UTC 2026","passed","Sun Feb 22 16:46:45 UTC 2026","JSON Events","Governance Unit Tests","",""
"Verifies vote cb near account id mismatch is not checked.","66","ut_vote_cb_near_account_id_mismatch_is_not_checked","Near Citizens House","Sun Feb 22 16:46:44 UTC 2026","passed","Sun Feb 22 16:46:44 UTC 2026","Callbacks","Governance Unit Tests","",""
"","0","normalizes other paginations to fixed sizes","rpc-tags helpers","Sun Feb 22 16:47:29 UTC 2026","passed","Sun Feb 22 16:47:29 UTC 2026","","","",""
"","0","allows /proposals/admin outside voting mode when override is enabled","proxy governance admin route override","Sun Feb 22 16:47:29 UTC 2026","passed","Sun Feb 22 16:47:29 UTC 2026","","","",""
"Verifies vote cb 008 vote count overflow.","68","ut_vote_cb_008_vote_count_overflow","Near Citizens House","Sun Feb 22 16:46:44 UTC 2026","passed","Sun Feb 22 16:46:44 UTC 2026","Callbacks","Governance Unit Tests","",""
"","0","rejects uppercase letters","Near Citizens House","Sun Feb 22 16:47:29 UTC 2026","passed","Sun Feb 22 16:47:29 UTC 2026","NEAR Account Validation > nearNamedAccountSchema > invalid named accounts","Shared Library Unit Tests","",""
"Verifies vote 007 is vote free boundaries.","52","ut_vote_007_is_vote_free_boundaries","Near Citizens House","Sun Feb 22 16:46:45 UTC 2026","passed","Sun Feb 22 16:46:45 UTC 2026","Voting","Governance Unit Tests","",""
"","0","rejects consecutive separators","Near Citizens House","Sun Feb 22 16:47:29 UTC 2026","passed","Sun Feb 22 16:47:29 UTC 2026","NEAR Account Validation > nearNamedAccountSchema > invalid named accounts","Shared Library Unit Tests","",""
"","0","returns key for valid index 0-9","Near Citizens House","Sun Feb 22 16:47:29 UTC 2026","passed","Sun Feb 22 16:47:29 UTC 2026","BackendKeyPool > getKeyByIndex","Backend Key Pool Unit Tests","",""
"Verifies pagination and batch queries return correct data when contract has verified accounts.","44","test_read_functions_with_verified_accounts","Near Citizens House","Sun Feb 22 16:42:18 UTC 2026","passed","Sun Feb 22 16:42:18 UTC 2026","Read Functions","Verified Accounts Unit Tests","",""
"Verifies view 002 get proposal not found.","29","ut_view_002_get_proposal_not_found","Near Citizens House","Sun Feb 22 16:46:45 UTC 2026","passed","Sun Feb 22 16:46:45 UTC 2026","View","Governance Unit Tests","",""
"Verifies final 002 finalize after grace proceeds.","18189","it_final_002_finalize_after_grace_proceeds","Near Citizens House","Sun Feb 22 17:25:26 UTC 2026","passed","Sun Feb 22 17:25:44 UTC 2026","End-to-End","Governance Integration Tests","",""
"Verifies block cb 004 success adds to blocklist.","56","ut_block_cb_004_success_adds_to_blocklist","Near Citizens House","Sun Feb 22 16:46:44 UTC 2026","passed","Sun Feb 22 16:46:44 UTC 2026","Callbacks","Governance Unit Tests","",""
"Verifies that the backend wallet can pause and unpause the contract correctly.","3696","test_authorized_pause_unpause","Near Citizens House","Sun Feb 22 16:51:10 UTC 2026","passed","Sun Feb 22 16:51:14 UTC 2026","Access Control","Verified Accounts Integration Tests","",""
"","1","writes and reads manifests from disk","deterministic voter manifest helpers","Sun Feb 22 16:47:29 UTC 2026","passed","Sun Feb 22 16:47:29 UTC 2026","","","",""
"","0","recognizes 'already used' error pattern","Near Citizens House","Sun Feb 22 16:47:29 UTC 2026","passed","Sun Feb 22 16:47:29 UTC 2026","isAlreadyExistsError (tested via message patterns)","Backend Key Registration Unit Tests","",""
"","0","should throw for invalid base58 characters","Near Citizens House","Sun Feb 22 16:47:29 UTC 2026","passed","Sun Feb 22 16:47:29 UTC 2026","NEP-413 Verification > extractEd25519PublicKeyHex > Negative Tests","Shared Library Unit Tests","",""
"Verifies that pagination handles large limit values gracefully on empty data without panicking.","27","test_pagination_with_large_limit_on_empty","Near Citizens House","Sun Feb 22 16:42:18 UTC 2026","passed","Sun Feb 22 16:42:18 UTC 2026","Read Functions","Verified Accounts Unit Tests","",""
"Verifies block 005b blocklist locked multiple proposals.","135","ut_block_005b_blocklist_locked_multiple_proposals","Near Citizens House","Sun Feb 22 16:46:44 UTC 2026","passed","Sun Feb 22 16:46:44 UTC 2026","Blocklist","Governance Unit Tests","",""
"Verifies mig 003 migrate admin with one yocto.","41","ut_mig_003_migrate_admin_with_one_yocto","Near Citizens House","Sun Feb 22 16:46:45 UTC 2026","passed","Sun Feb 22 16:46:45 UTC 2026","Migration","Governance Unit Tests","",""
"Verifies init 003 quorum bps max.","23","ut_init_003_quorum_bps_max","Near Citizens House","Sun Feb 22 16:46:45 UTC 2026","passed","Sun Feb 22 16:46:45 UTC 2026","Initialization","Governance Unit Tests","",""
"Upgrade test: Full verification data readable after upgrade.","4119","test_upgrade_full_verification_readable","Near Citizens House","Sun Feb 22 16:51:15 UTC 2026","passed","Sun Feb 22 16:51:19 UTC 2026","Versioning","Verified Accounts Integration Tests","",""
"Verifies that update_backend_wallet requires exactly 1 yoctoNEAR attached deposit.","61","test_update_backend_wallet_requires_one_yocto","Near Citizens House","Sun Feb 22 16:42:18 UTC 2026","passed","Sun Feb 22 16:42:18 UTC 2026","Backend Wallet Management","Verified Accounts Unit Tests","",""
"Verifies init 005 pending expiry min.","28","ut_init_005_pending_expiry_min","Near Citizens House","Sun Feb 22 16:46:45 UTC 2026","passed","Sun Feb 22 16:46:45 UTC 2026","Initialization","Governance Unit Tests","",""
"Stress test: store many verifications and validate count and pagination behavior.","1010922","test_stress_bulk_verifications_and_pagination","Near Citizens House","Sun Feb 22 16:51:14 UTC 2026","passed","Sun Feb 22 17:08:05 UTC 2026","Stress Tests","Verified Accounts Integration Tests","",""
"Verifies snap 001c on snapshot missing proposal.","42","ut_snap_001c_on_snapshot_missing_proposal","Near Citizens House","Sun Feb 22 16:46:44 UTC 2026","passed","Sun Feb 22 16:46:44 UTC 2026","Callbacks","Governance Unit Tests","",""
"","0","recognizes 'ECONNRESET' as retryable","Near Citizens House","Sun Feb 22 16:47:29 UTC 2026","passed","Sun Feb 22 16:47:29 UTC 2026","isRetryableError (tested via message patterns)","Backend Key Registration Unit Tests","",""
"Verifies init 008 max start delay min.","29","ut_init_008_max_start_delay_min","Near Citizens House","Sun Feb 22 16:46:45 UTC 2026","passed","Sun Feb 22 16:46:45 UTC 2026","Initialization","Governance Unit Tests","",""
"Verifies event 011 pending proposal expired payload types.","64","ut_event_011_pending_proposal_expired_payload_types","Near Citizens House","Sun Feb 22 16:46:45 UTC 2026","passed","Sun Feb 22 16:46:45 UTC 2026","JSON Events","Governance Unit Tests","",""
"","0","rejects uppercase 0X prefix","Near Citizens House","Sun Feb 22 16:47:29 UTC 2026","passed","Sun Feb 22 16:47:29 UTC 2026","NEAR Account Validation > ethImplicitAccountSchema > invalid ETH-implicit accounts","Shared Library Unit Tests","",""
"Verifies block 005 pending blocklist op prevents another.","18128","it_block_005_pending_blocklist_op_prevents_another","Near Citizens House","Sun Feb 22 17:09:29 UTC 2026","passed","Sun Feb 22 17:09:47 UTC 2026","Blocklist","Governance Integration Tests","",""
"Verifies init 003 quorum bps min.","26","ut_init_003_quorum_bps_min","Near Citizens House","Sun Feb 22 16:46:45 UTC 2026","passed","Sun Feb 22 16:46:45 UTC 2026","Initialization","Governance Unit Tests","",""
"Verifies store 001 free vote when contract has balance.","7118","it_store_001_free_vote_when_contract_has_balance","Near Citizens House","Sun Feb 22 17:30:50 UTC 2026","passed","Sun Feb 22 17:30:57 UTC 2026","Storage","Governance Integration Tests","",""
"Verifies that batch verification handles empty input array correctly.","28","test_are_verified_empty_input","Near Citizens House","Sun Feb 22 16:42:18 UTC 2026","passed","Sun Feb 22 16:42:18 UTC 2026","Composability Interface","Verified Accounts Unit Tests","",""
"Verifies vote cb 007 success records vote and refunds excess.","71","ut_vote_cb_007_success_records_vote_and_refunds_excess","Near Citizens House","Sun Feb 22 16:46:44 UTC 2026","passed","Sun Feb 22 16:46:44 UTC 2026","Callbacks","Governance Unit Tests","",""
"Verifies prop 005 start at before created.","41","ut_prop_005_start_at_before_created","Near Citizens House","Sun Feb 22 16:46:45 UTC 2026","passed","Sun Feb 22 16:46:45 UTC 2026","Proposals","Governance Unit Tests","",""
"","0","shows unverified ineligible state","deriveVotePanelState","Sun Feb 22 16:47:29 UTC 2026","passed","Sun Feb 22 16:47:29 UTC 2026","","","",""
"Verifies admin 006b list admins limit too large.","69","ut_admin_006b_list_admins_limit_too_large","Near Citizens House","Sun Feb 22 16:46:44 UTC 2026","passed","Sun Feb 22 16:46:44 UTC 2026","Admin","Governance Unit Tests","",""
"","0","should handle mixed binary and JSON data","Near Citizens House","Sun Feb 22 16:47:29 UTC 2026","passed","Sun Feb 22 16:47:29 UTC 2026","NEP-413 Verification > parseUserContextData > Edge Cases","Shared Library Unit Tests","",""
"Verifies block 013 quorum threshold tracks blocklist and unblocklist across proposal rounds.","69519","it_block_013_quorum_tracks_blocklist_and_unblocklist_across_rounds","Near Citizens House","Sun Feb 22 17:11:29 UTC 2026","passed","Sun Feb 22 17:12:38 UTC 2026","Blocklist","Governance Integration Tests","",""
"Verifies snap 001 on snapshot ignores non pending.","72","ut_snap_001_on_snapshot_ignores_non_pending","Near Citizens House","Sun Feb 22 16:46:44 UTC 2026","passed","Sun Feb 22 16:46:44 UTC 2026","Callbacks","Governance Unit Tests","",""
"Verifies vote cb 004 callback error or not verified.","79","ut_vote_cb_004_callback_error_or_not_verified","Near Citizens House","Sun Feb 22 16:46:44 UTC 2026","passed","Sun Feb 22 16:46:44 UTC 2026","Callbacks","Governance Unit Tests","",""
"","0","rejects empty string","Near Citizens House","Sun Feb 22 16:47:29 UTC 2026","passed","Sun Feb 22 16:47:29 UTC 2026","NEAR Account Validation > nearAccountIdSchema","Shared Library Unit Tests","",""
"","0","returns verification mutation tags for route handlers","rpc-tags helpers","Sun Feb 22 16:47:29 UTC 2026","passed","Sun Feb 22 16:47:29 UTC 2026","","","",""
"Verifies that pagination returns empty when from_index is beyond existing data.","2711","test_pagination_from_index_beyond_data","Near Citizens House","Sun Feb 22 16:51:10 UTC 2026","passed","Sun Feb 22 16:51:13 UTC 2026","Pagination","Verified Accounts Integration Tests","",""
"Verifies config 008 update quorum bps while active.","74","ut_config_008_update_quorum_bps_while_active","Near Citizens House","Sun Feb 22 16:46:44 UTC 2026","passed","Sun Feb 22 16:46:45 UTC 2026","Configuration","Governance Unit Tests","",""
"","0","rejects non-base64 payload","relayRequestSchema","Sun Feb 22 16:47:29 UTC 2026","passed","Sun Feb 22 16:47:29 UTC 2026","","","",""
"","1","validates a scheduled proposal within contract limits","governance proposal validation","Sun Feb 22 16:47:29 UTC 2026","passed","Sun Feb 22 16:47:29 UTC 2026","","","",""
"Verifies vote cb 001 missing pending vote.","73","ut_vote_cb_001_missing_pending_vote","Near Citizens House","Sun Feb 22 16:46:44 UTC 2026","passed","Sun Feb 22 16:46:44 UTC 2026","Callbacks","Governance Unit Tests","",""
"","0","recognizes 'expired' as retryable","Near Citizens House","Sun Feb 22 16:47:29 UTC 2026","passed","Sun Feb 22 16:47:29 UTC 2026","isRetryableError (tested via message patterns)","Backend Key Registration Unit Tests","",""
"Upgrade test: After redeploying contract code, new verifications work correctly.","5629","test_upgrade_new_verifications_work","Near Citizens House","Sun Feb 22 16:51:15 UTC 2026","passed","Sun Feb 22 16:51:20 UTC 2026","Versioning","Verified Accounts Integration Tests","",""
"Verifies block 008 blocklist subtraction in snapshot.","16712","it_block_008_blocklist_subtraction_in_snapshot","Near Citizens House","Sun Feb 22 17:09:59 UTC 2026","passed","Sun Feb 22 17:10:15 UTC 2026","Blocklist","Governance Integration Tests","",""
"","3","should verify signature with different valid nonces","Near Citizens House","Sun Feb 22 16:47:29 UTC 2026","passed","Sun Feb 22 16:47:29 UTC 2026","NEP-413 Verification > verifyNearSignature > Positive Tests","Shared Library Unit Tests","",""
"Verifies that valid NEP-413 signatures are accepted and verification is stored correctly.","3585","test_valid_signature_verification_succeeds","Near Citizens House","Sun Feb 22 16:51:14 UTC 2026","passed","Sun Feb 22 16:51:18 UTC 2026","Signature Verification","Verified Accounts Integration Tests","",""
"","0","resolves default manifest path by network","deterministic voter manifest helpers","Sun Feb 22 16:47:29 UTC 2026","passed","Sun Feb 22 16:47:29 UTC 2026","","","",""
"Verifies prop 000 create proposal non admin.","42","ut_prop_000_create_proposal_non_admin","Near Citizens House","Sun Feb 22 16:46:45 UTC 2026","passed","Sun Feb 22 16:46:45 UTC 2026","Proposals","Governance Unit Tests","",""
"","0","accepts response without optional fields","Near Citizens House","Sun Feb 22 16:47:29 UTC 2026","passed","Sun Feb 22 16:47:29 UTC 2026","External Boundary Validation > nearAccessKeyResponseSchema","Shared Library Unit Tests","",""
"Verifies prop 010 finalize timing.","96","ut_prop_010_finalize_timing","Near Citizens House","Sun Feb 22 16:46:45 UTC 2026","passed","Sun Feb 22 16:46:45 UTC 2026","Proposals","Governance Unit Tests","",""
"Verifies admin 016 clear stale blocklist op without one yocto.","42","ut_admin_016_clear_stale_blocklist_op_without_one_yocto","Near Citizens House","Sun Feb 22 16:46:44 UTC 2026","passed","Sun Feb 22 16:46:44 UTC 2026","Admin","Governance Unit Tests","",""
"","1","redirects to maintenance when maintenance mode is enabled","proxy governance admin route override","Sun Feb 22 16:47:29 UTC 2026","passed","Sun Feb 22 16:47:29 UTC 2026","","","",""
"Verifies prop err 002 insufficient bond.","4101","it_prop_err_002_insufficient_bond","Near Citizens House","Sun Feb 22 17:27:13 UTC 2026","passed","Sun Feb 22 17:27:17 UTC 2026","Proposals","Governance Integration Tests","",""
"Verifies config 009 update max start delay during active.","6115","it_config_009_update_max_start_delay_during_active","Near Citizens House","Sun Feb 22 17:21:03 UTC 2026","passed","Sun Feb 22 17:21:09 UTC 2026","Configuration","Governance Integration Tests","",""
"","0","should accept a complete webhook payload","SumSub webhook schema drift detection","Sun Feb 22 16:47:29 UTC 2026","passed","Sun Feb 22 16:47:29 UTC 2026","","","",""
"Verifies event 008 proposal cancelled payload types.","55","ut_event_008_proposal_cancelled_payload_types","Near Citizens House","Sun Feb 22 16:46:45 UTC 2026","passed","Sun Feb 22 16:46:45 UTC 2026","JSON Events","Governance Unit Tests","",""
"","0","derives all 10 keys as unique","Near Citizens House","Sun Feb 22 16:47:29 UTC 2026","passed","Sun Feb 22 16:47:29 UTC 2026","BackendKeyPool > key derivation","Backend Key Pool Unit Tests","",""
"Verifies prop 002b utf8 byte length boundary.","69","ut_prop_002b_utf8_byte_length_boundary","Near Citizens House","Sun Feb 22 16:46:45 UTC 2026","passed","Sun Feb 22 16:46:45 UTC 2026","Proposals","Governance Unit Tests","",""
"Verifies that account ID mismatch between near_account_id and signature_data.account_id is rejected.","4230","test_account_id_mismatch","Near Citizens House","Sun Feb 22 16:51:10 UTC 2026","passed","Sun Feb 22 16:51:15 UTC 2026","Input Validation","Verified Accounts Integration Tests","",""
"Verifies config 004 update pending expiry boundaries.","110","ut_config_004_update_pending_expiry_boundaries","Near Citizens House","Sun Feb 22 16:46:44 UTC 2026","passed","Sun Feb 22 16:46:45 UTC 2026","Configuration","Governance Unit Tests","",""
"Verifies prop 008 expire pending proposal.","82","ut_prop_008_expire_pending_proposal","Near Citizens House","Sun Feb 22 16:46:45 UTC 2026","passed","Sun Feb 22 16:46:45 UTC 2026","Proposals","Governance Unit Tests","",""
"Verifies init 002 reject empty admins.","28","ut_init_002_reject_empty_admins","Near Citizens House","Sun Feb 22 16:46:45 UTC 2026","passed","Sun Feb 22 16:46:45 UTC 2026","Initialization","Governance Unit Tests","",""
"Verifies vote 001 rejects non active cancelled.","70","ut_vote_001_rejects_non_active_cancelled","Near Citizens House","Sun Feb 22 16:46:45 UTC 2026","passed","Sun Feb 22 16:46:45 UTC 2026","Voting","Governance Unit Tests","",""
"","97","does not skip in production mode","Near Citizens House","Sun Feb 22 16:47:29 UTC 2026","passed","Sun Feb 22 16:47:29 UTC 2026","environment checks","Backend Key Registration Unit Tests","",""
"","0","shows ended state before wallet connection prompt","deriveVotePanelState","Sun Feb 22 16:47:29 UTC 2026","passed","Sun Feb 22 16:47:29 UTC 2026","","","",""
"Verifies prop 007 cancel only pending or active.","217","ut_prop_007_cancel_only_pending_or_active","Near Citizens House","Sun Feb 22 16:46:45 UTC 2026","passed","Sun Feb 22 16:46:45 UTC 2026","Proposals","Governance Unit Tests","",""
"","0","pending -> active at start boundary","deriveProposalTimelineModel lifecycle coverage (contract-aligned)","Sun Feb 22 16:47:29 UTC 2026","passed","Sun Feb 22 16:47:29 UTC 2026","","","",""
"Verifies prop err 007 cast vote not active.","5105","it_prop_err_007_cast_vote_not_active","Near Citizens House","Sun Feb 22 17:27:48 UTC 2026","passed","Sun Feb 22 17:27:53 UTC 2026","Proposals","Governance Integration Tests","",""
"","1","should match documented SumSub webhook fields","SumSub webhook schema drift detection","Sun Feb 22 16:47:29 UTC 2026","passed","Sun Feb 22 16:47:29 UTC 2026","","","",""
"Verifies init 007 grace period min.","29","ut_init_007_grace_period_min","Near Citizens House","Sun Feb 22 16:46:45 UTC 2026","passed","Sun Feb 22 16:46:45 UTC 2026","Initialization","Governance Unit Tests","",""
"","0","active during voting","deriveProposalTimelineModel lifecycle coverage (contract-aligned)","Sun Feb 22 16:47:29 UTC 2026","passed","Sun Feb 22 16:47:29 UTC 2026","","","",""
"","0","should throw for long nonce (33 bytes)","Near Citizens House","Sun Feb 22 16:47:29 UTC 2026","passed","Sun Feb 22 16:47:29 UTC 2026","NEP-413 Verification > computeNep413Hash > Boundary Tests","Shared Library Unit Tests","",""
"Verifies refund 004 full refund on proposal cancelled.","6942","it_refund_004_full_refund_on_proposal_cancelled","Near Citizens House","Sun Feb 22 17:29:41 UTC 2026","passed","Sun Feb 22 17:29:48 UTC 2026","Storage","Governance Integration Tests","",""
"Verifies event 001 all mutating actions emit events.","29102","it_event_001_all_mutating_actions_emit_events","Near Citizens House","Sun Feb 22 17:25:50 UTC 2026","passed","Sun Feb 22 17:26:20 UTC 2026","Events","Governance Integration Tests","",""
"Verifies json 003 get config neartoken and numeric fields.","27","ut_json_003_get_config_neartoken_and_numeric_fields","Near Citizens House","Sun Feb 22 16:46:45 UTC 2026","passed","Sun Feb 22 16:46:45 UTC 2026","JSON Events","Governance Unit Tests","",""
"","0","active (in-window) -> cancelled","deriveProposalTimelineModel lifecycle coverage (contract-aligned)","Sun Feb 22 16:47:29 UTC 2026","passed","Sun Feb 22 16:47:29 UTC 2026","","","",""
