"DESCRIPTION","DURATION IN MS","NAME","PARENT SUITE","START TIME","STATUS","STOP TIME","SUB SUITE","SUITE","TEST CLASS","TEST METHOD"
"Verifies refund 004 full refund on proposal cancelled.","6931","it_refund_004_full_refund_on_proposal_cancelled","Near Citizens House","Fri Feb 20 13:59:17 UTC 2026","passed","Fri Feb 20 13:59:24 UTC 2026","Storage","Governance Integration Tests","",""
"","0","shows loading state while eligibility is being checked","deriveVotePanelState","Fri Feb 20 13:10:51 UTC 2026","passed","Fri Feb 20 13:10:51 UTC 2026","","","",""
"","0","rejects invalid characters","Near Citizens House","Fri Feb 20 13:10:51 UTC 2026","passed","Fri Feb 20 13:10:51 UTC 2026","NEAR Account Validation > nearNamedAccountSchema > invalid named accounts","Shared Library Unit Tests","",""
"Verifies e2e 002 full happy path no wins.","23730","it_e2e_002_full_happy_path_no_wins","Near Citizens House","Fri Feb 20 13:51:53 UTC 2026","passed","Fri Feb 20 13:52:17 UTC 2026","End-to-End","Governance Integration Tests","",""
"","0","rejects wrong action for domain","Analytics Event Type Safety","Fri Feb 20 13:10:51 UTC 2026","passed","Fri Feb 20 13:10:51 UTC 2026","","invalid events cause type errors","",""
"Verifies config 006 update pending expiry during active.","6109","it_config_006_update_pending_expiry_during_active","Near Citizens House","Fri Feb 20 13:50:21 UTC 2026","passed","Fri Feb 20 13:50:27 UTC 2026","Configuration","Governance Integration Tests","",""
"","0","accepts new wallet and token events","Analytics Event Type Safety","Fri Feb 20 13:10:51 UTC 2026","passed","Fri Feb 20 13:10:51 UTC 2026","","valid events compile correctly","",""
"","0","stops optimistic aggregates when server tallies include the confirmed vote","optimistic vote reconciliation","Fri Feb 20 13:10:51 UTC 2026","passed","Fri Feb 20 13:10:51 UTC 2026","","","",""
"Verifies snap 002 zero snapshot rejection.","4601","it_snap_002_zero_snapshot_rejection","Near Citizens House","Fri Feb 20 13:58:48 UTC 2026","passed","Fri Feb 20 13:58:53 UTC 2026","Snapshots","Governance Integration Tests","",""
"","0","pending -> active at start boundary","deriveProposalTimelineModel lifecycle coverage (contract-aligned)","Fri Feb 20 13:10:51 UTC 2026","passed","Fri Feb 20 13:10:51 UTC 2026","","","",""
"","0","rejects governance vote event without required fields","Analytics Event Type Safety","Fri Feb 20 13:10:51 UTC 2026","passed","Fri Feb 20 13:10:51 UTC 2026","","invalid events cause type errors","",""
"","0","accepts deeply nested subaccounts","Near Citizens House","Fri Feb 20 13:10:51 UTC 2026","passed","Fri Feb 20 13:10:51 UTC 2026","NEAR Account Validation > nearNamedAccountSchema > valid named accounts","Shared Library Unit Tests","",""
"Verifies config 004 quorum snapshots per proposal.","7627","it_config_004_quorum_snapshots_per_proposal","Near Citizens House","Fri Feb 20 13:49:51 UTC 2026","passed","Fri Feb 20 13:49:59 UTC 2026","Configuration","Governance Integration Tests","",""
"","0","should handle input exceeding typical maximum length","Near Citizens House","Fri Feb 20 13:10:51 UTC 2026","passed","Fri Feb 20 13:10:51 UTC 2026","NEP-413 Verification > parseUserContextData > Boundary Tests","Shared Library Unit Tests","",""
"Verifies that update_backend_wallet requires exactly 1 yoctoNEAR deposit.","4200","test_update_backend_wallet_requires_one_yocto","Near Citizens House","Fri Feb 20 13:20:52 UTC 2026","passed","Fri Feb 20 13:20:56 UTC 2026","Access Control","Verified Accounts Integration Tests","",""
"","2","accepts minimum length (2 chars)","Near Citizens House","Fri Feb 20 13:10:51 UTC 2026","passed","Fri Feb 20 13:10:51 UTC 2026","NEAR Account Validation > nearNamedAccountSchema > valid named accounts","Shared Library Unit Tests","",""
"","3","redirects to maintenance when maintenance mode is enabled","proxy governance admin route override","Fri Feb 20 13:10:52 UTC 2026","passed","Fri Feb 20 13:10:52 UTC 2026","","","",""
"","0","rejects scheduled starts beyond max_start_delay_secs","governance proposal validation","Fri Feb 20 13:10:51 UTC 2026","passed","Fri Feb 20 13:10:51 UTC 2026","","","",""
"","1","accepts FullAccess object variant","Near Citizens House","Fri Feb 20 13:10:51 UTC 2026","passed","Fri Feb 20 13:10:51 UTC 2026","External Boundary Validation > nearAccessKeyResponseSchema","Shared Library Unit Tests","",""
"Verifies block 002 add blocklist unverified account.","5100","it_block_002_add_blocklist_unverified_account","Near Citizens House","Fri Feb 20 13:38:51 UTC 2026","passed","Fri Feb 20 13:38:56 UTC 2026","Blocklist","Governance Integration Tests","",""
"","2","should reject invalid signature","Near Citizens House","Fri Feb 20 13:10:51 UTC 2026","passed","Fri Feb 20 13:10:51 UTC 2026","NEP-413 Verification > verifyNearSignature > Negative Tests","Shared Library Unit Tests","",""
"","0","should handle very long recipient string","Near Citizens House","Fri Feb 20 13:10:51 UTC 2026","passed","Fri Feb 20 13:10:51 UTC 2026","NEP-413 Verification > computeNep413Hash > Edge Cases","Shared Library Unit Tests","",""
"","0","active -> succeeded after finalize","deriveProposalTimelineModel lifecycle coverage (contract-aligned)","Fri Feb 20 13:10:51 UTC 2026","passed","Fri Feb 20 13:10:51 UTC 2026","","","",""
"","0","rejects accounts starting with separator","Near Citizens House","Fri Feb 20 13:10:51 UTC 2026","passed","Fri Feb 20 13:10:51 UTC 2026","NEAR Account Validation > nearNamedAccountSchema > invalid named accounts","Shared Library Unit Tests","",""
"Verifies that valid NEP-413 signatures are accepted and verification is stored correctly.","3586","test_valid_signature_verification_succeeds","Near Citizens House","Fri Feb 20 13:20:55 UTC 2026","passed","Fri Feb 20 13:20:59 UTC 2026","Signature Verification","Verified Accounts Integration Tests","",""
"Verifies that all-0xFF nonce (max byte values) is accepted.","3749","test_nonce_all_max_bytes","Near Citizens House","Fri Feb 20 13:20:52 UTC 2026","passed","Fri Feb 20 13:20:55 UTC 2026","Edge Cases","Verified Accounts Integration Tests","",""
"","0","rejects non-hex characters","Near Citizens House","Fri Feb 20 13:10:51 UTC 2026","passed","Fri Feb 20 13:10:51 UTC 2026","NEAR Account Validation > nearImplicitAccountSchema > invalid implicit accounts","Shared Library Unit Tests","",""
"Verifies block 004 unblocklist happy path.","6106","it_block_004_unblocklist_happy_path","Near Citizens House","Fri Feb 20 13:39:02 UTC 2026","passed","Fri Feb 20 13:39:08 UTC 2026","Blocklist","Governance Integration Tests","",""
"Verifies e2e 008 concurrentproposals independent.","23729","it_e2e_008_concurrentproposals_independent","Near Citizens House","Fri Feb 20 13:53:50 UTC 2026","passed","Fri Feb 20 13:54:14 UTC 2026","End-to-End","Governance Integration Tests","",""
"","0","throws for index < 0","Near Citizens House","Fri Feb 20 13:10:51 UTC 2026","passed","Fri Feb 20 13:10:51 UTC 2026","BackendKeyPool > getKeyByIndex","Backend Key Pool Unit Tests","",""
"Critical upgrade test: Deploy V1, store data, upgrade to V2, verify data persists. This tests the core contract state versioning mechanism.","5631","test_upgrade_v1_to_v2_preserves_verifications","Near Citizens House","Fri Feb 20 13:20:56 UTC 2026","passed","Fri Feb 20 13:21:02 UTC 2026","Versioning","Verified Accounts Integration Tests","",""
"Upgrade test: Batch queries work correctly after upgrade.","6147","test_upgrade_batch_queries_work","Near Citizens House","Fri Feb 20 13:20:56 UTC 2026","passed","Fri Feb 20 13:21:02 UTC 2026","Versioning","Verified Accounts Integration Tests","",""
"Verifies refund 003 full refund on verified after creation.","8624","it_refund_003_full_refund_on_verified_after_creation","Near Citizens House","Fri Feb 20 13:59:08 UTC 2026","passed","Fri Feb 20 13:59:17 UTC 2026","Storage","Governance Integration Tests","",""
"Verifies block 006 pending blocklist op prevents unblocklist.","6937","it_block_006_pending_blocklist_op_prevents_unblocklist","Near Citizens House","Fri Feb 20 13:39:26 UTC 2026","passed","Fri Feb 20 13:39:33 UTC 2026","Blocklist","Governance Integration Tests","",""
"Verifies e2e 007 cancel after ends at.","17182","it_e2e_007_cancel_after_ends_at","Near Citizens House","Fri Feb 20 13:53:33 UTC 2026","passed","Fri Feb 20 13:53:50 UTC 2026","End-to-End","Governance Integration Tests","",""
"","0","returns null for invalid accounts","Near Citizens House","Fri Feb 20 13:10:51 UTC 2026","passed","Fri Feb 20 13:10:51 UTC 2026","NEAR Account Validation > getNearAccountType","Shared Library Unit Tests","",""
"Verifies that invalid NEAR signatures are rejected during NEP-413 verification.","40","test_invalid_signature","Near Citizens House","Fri Feb 20 13:13:26 UTC 2026","passed","Fri Feb 20 13:13:26 UTC 2026","Signature Verification","Verified Accounts Unit Tests","",""
"Verifies the same NEAR account cannot be verified twice even with new signatures/nullifiers.","34","test_double_verification_rejected","Near Citizens House","Fri Feb 20 13:13:26 UTC 2026","passed","Fri Feb 20 13:13:26 UTC 2026","Store Verification","Verified Accounts Unit Tests","",""
"Verifies bond 001 retained after succeeded.","19191","it_bond_001_retained_after_succeeded","Near Citizens House","Fri Feb 20 13:48:29 UTC 2026","passed","Fri Feb 20 13:48:48 UTC 2026","Bond","Governance Integration Tests","",""
"Verifies that backend_wallet is always valid and non-empty after contract initialization.","27","test_invariant_backend_wallet_always_valid","Near Citizens House","Fri Feb 20 13:13:26 UTC 2026","passed","Fri Feb 20 13:13:26 UTC 2026","Invariants","Verified Accounts Unit Tests","",""
"","0","rejects invalid domain","Analytics Event Type Safety","Fri Feb 20 13:10:51 UTC 2026","passed","Fri Feb 20 13:10:51 UTC 2026","","invalid events cause type errors","",""
"Verifies mig 003 migrate non admin with one yocto.","5099","it_mig_003_migrate_non_admin_with_one_yocto","Near Citizens House","Fri Feb 20 13:56:40 UTC 2026","passed","Fri Feb 20 13:56:45 UTC 2026","Migration","Governance Integration Tests","",""
"","1","accepts valid base64 payload within limit","relayRequestSchema","Fri Feb 20 13:10:51 UTC 2026","passed","Fri Feb 20 13:10:51 UTC 2026","","","",""
"Verifies store 002 deposit required and excess refunded.","7634","it_store_002_deposit_required_and_excess_refunded","Near Citizens House","Fri Feb 20 14:00:38 UTC 2026","passed","Fri Feb 20 14:00:46 UTC 2026","Storage","Governance Integration Tests","",""
"","0","rejects missing required properties","Analytics Event Type Safety","Fri Feb 20 13:10:51 UTC 2026","passed","Fri Feb 20 13:10:51 UTC 2026","","invalid events cause type errors","",""
"","1","adds jitter when specified","Near Citizens House","Fri Feb 20 13:10:51 UTC 2026","passed","Fri Feb 20 13:10:51 UTC 2026","sleep function behavior","Backend Key Registration Unit Tests","",""
"Upgrade test: After redeploying contract code, new verifications work correctly.","5661","test_upgrade_new_verifications_work","Near Citizens House","Fri Feb 20 13:20:56 UTC 2026","passed","Fri Feb 20 13:21:02 UTC 2026","Versioning","Verified Accounts Integration Tests","",""
"Verifies that replay attempts are rejected by account uniqueness.","3593","test_signature_replay_rejected","Near Citizens House","Fri Feb 20 13:20:55 UTC 2026","passed","Fri Feb 20 13:20:59 UTC 2026","Security","Verified Accounts Integration Tests","",""
"Stress test: store many verifications and validate batch read APIs at max size.","1010780","test_stress_batch_reads_at_max_limit","Near Citizens House","Fri Feb 20 13:20:55 UTC 2026","passed","Fri Feb 20 13:37:46 UTC 2026","Stress Tests","Verified Accounts Integration Tests","",""
"","0","rejects invalid enum values","Analytics Event Type Safety","Fri Feb 20 13:10:51 UTC 2026","passed","Fri Feb 20 13:10:51 UTC 2026","","invalid events cause type errors","",""
"","1","keeps optimistic aggregates while refreshed server data has not caught up","optimistic vote reconciliation","Fri Feb 20 13:10:51 UTC 2026","passed","Fri Feb 20 13:10:51 UTC 2026","","","",""
"Verifies bond 002 retained after quorum not met.","19183","it_bond_002_retained_after_quorum_not_met","Near Citizens House","Fri Feb 20 13:48:48 UTC 2026","passed","Fri Feb 20 13:49:07 UTC 2026","Bond","Governance Integration Tests","",""
"Verifies bond 003 retained after cancelled.","6110","it_bond_003_retained_after_cancelled","Near Citizens House","Fri Feb 20 13:49:07 UTC 2026","passed","Fri Feb 20 13:49:13 UTC 2026","Bond","Governance Integration Tests","",""
"Verifies that newly initialized contract starts with zero verified accounts.","34","test_invariant_verified_count_starts_at_zero","Near Citizens House","Fri Feb 20 13:13:26 UTC 2026","passed","Fri Feb 20 13:13:26 UTC 2026","Invariants","Verified Accounts Unit Tests","",""
"Verifies bond 004 retained after pending expired.","7116","it_bond_004_retained_after_pending_expired","Near Citizens House","Fri Feb 20 13:49:13 UTC 2026","passed","Fri Feb 20 13:49:20 UTC 2026","Bond","Governance Integration Tests","",""
"","0","should throw for invalid base58 characters","Near Citizens House","Fri Feb 20 13:10:51 UTC 2026","passed","Fri Feb 20 13:10:51 UTC 2026","NEP-413 Verification > extractEd25519PublicKeyHex > Negative Tests","Shared Library Unit Tests","",""
"","0","rejects missing nonce","Near Citizens House","Fri Feb 20 13:10:51 UTC 2026","passed","Fri Feb 20 13:10:51 UTC 2026","External Boundary Validation > nearAccessKeyResponseSchema","Shared Library Unit Tests","",""
"Verifies vote async 005 clear stale pending vote unblocks finalize.","19192","it_vote_async_005_clear_stale_pending_vote_unblocks_finalize","Near Citizens House","Fri Feb 20 14:02:16 UTC 2026","passed","Fri Feb 20 14:02:35 UTC 2026","Async Voting","Governance Integration Tests","",""
"","0","should work without ed25519: prefix","Near Citizens House","Fri Feb 20 13:10:51 UTC 2026","passed","Fri Feb 20 13:10:51 UTC 2026","NEP-413 Verification > extractEd25519PublicKeyHex > Positive Tests - Prefix Handling","Shared Library Unit Tests","",""
"Verifies that verification storage fails when contract has insufficient available balance. The NEAR protocol enforces storage costs at transaction commit time, preventing state changes that would exceed the account's balance. This test dynamically calculates the drain amount based on actual storage usage to ensure reliability.","4080","test_insufficient_contract_balance_rejected","Near Citizens House","Fri Feb 20 13:20:55 UTC 2026","passed","Fri Feb 20 13:20:59 UTC 2026","Security","Verified Accounts Integration Tests","",""
"","0","keeps existing voting-mode behavior unchanged","proxy governance admin route override","Fri Feb 20 13:10:52 UTC 2026","passed","Fri Feb 20 13:10:52 UTC 2026","","","",""
"","0","handles high counter values with modulo","Near Citizens House","Fri Feb 20 13:10:51 UTC 2026","passed","Fri Feb 20 13:10:51 UTC 2026","BackendKeyPool > Redis round-robin","Backend Key Pool Unit Tests","",""
"","0","keeps non-admin proposals routes gated even when override is enabled","proxy governance admin route override","Fri Feb 20 13:10:52 UTC 2026","passed","Fri Feb 20 13:10:52 UTC 2026","","","",""
"","0","accepts numeric-only accounts","Near Citizens House","Fri Feb 20 13:10:51 UTC 2026","passed","Fri Feb 20 13:10:51 UTC 2026","NEAR Account Validation > nearNamedAccountSchema > valid named accounts","Shared Library Unit Tests","",""
"Verifies config 009 update max start delay during active.","6108","it_config_009_update_max_start_delay_during_active","Near Citizens House","Fri Feb 20 13:50:39 UTC 2026","passed","Fri Feb 20 13:50:45 UTC 2026","Configuration","Governance Integration Tests","",""
"Verifies that nonces shorter than 32 bytes are rejected.","37","test_invalid_nonce_length","Near Citizens House","Fri Feb 20 13:13:26 UTC 2026","passed","Fri Feb 20 13:13:26 UTC 2026","Signature Verification","Verified Accounts Unit Tests","",""
"Verifies store 003 deposit refunded on rejection.","7120","it_store_003_deposit_refunded_on_rejection","Near Citizens House","Fri Feb 20 14:00:46 UTC 2026","passed","Fri Feb 20 14:00:53 UTC 2026","Storage","Governance Integration Tests","",""
"","0","test_empty_user_context_data","Near Citizens House","Fri Feb 20 13:13:26 UTC 2026","passed","Fri Feb 20 13:13:26 UTC 2026","Serialization","Verified Accounts Interface Tests","",""
"","2","should reject signature for wrong message","Near Citizens House","Fri Feb 20 13:10:51 UTC 2026","passed","Fri Feb 20 13:10:51 UTC 2026","NEP-413 Verification > verifyNearSignature > Negative Tests","Shared Library Unit Tests","",""
"Verifies that storing verifications is blocked when the contract is paused.","38","test_store_verification_when_paused","Near Citizens House","Fri Feb 20 13:13:26 UTC 2026","passed","Fri Feb 20 13:13:26 UTC 2026","Pause/Unpause","Verified Accounts Unit Tests","",""
"","1","should accept a complete webhook payload","SumSub webhook schema drift detection","Fri Feb 20 13:10:51 UTC 2026","passed","Fri Feb 20 13:10:51 UTC 2026","","","",""
"","0","should handle hex with leading zeros","Near Citizens House","Fri Feb 20 13:10:51 UTC 2026","passed","Fri Feb 20 13:10:51 UTC 2026","NEP-413 Verification > parseUserContextData > Edge Cases","Shared Library Unit Tests","",""
"","0","accepts 64 lowercase hex chars","Near Citizens House","Fri Feb 20 13:10:51 UTC 2026","passed","Fri Feb 20 13:10:51 UTC 2026","NEAR Account Validation > nearImplicitAccountSchema > valid implicit accounts","Shared Library Unit Tests","",""
"","2","created -> pending before start","deriveProposalTimelineModel lifecycle coverage (contract-aligned)","Fri Feb 20 13:10:51 UTC 2026","passed","Fri Feb 20 13:10:51 UTC 2026","","","",""
"","0","should produce different hash for different messages","Near Citizens House","Fri Feb 20 13:10:51 UTC 2026","passed","Fri Feb 20 13:10:51 UTC 2026","NEP-413 Verification > computeNep413Hash > Happy Path","Shared Library Unit Tests","",""
"Verifies signatures signed by a different key than the declared account are rejected.","26","test_signature_from_different_key_rejected","Near Citizens House","Fri Feb 20 13:13:26 UTC 2026","passed","Fri Feb 20 13:13:26 UTC 2026","Signature Verification","Verified Accounts Unit Tests","",""
"","2","accepts valid RPC response with FullAccess string","Near Citizens House","Fri Feb 20 13:10:51 UTC 2026","passed","Fri Feb 20 13:10:51 UTC 2026","External Boundary Validation > nearAccessKeyResponseSchema","Shared Library Unit Tests","",""
"","0","should return null for empty string","Near Citizens House","Fri Feb 20 13:10:51 UTC 2026","passed","Fri Feb 20 13:10:51 UTC 2026","NEP-413 Verification > parseUserContextData > Boundary Tests","Shared Library Unit Tests","",""
"","0","recognizes 'already exists' error pattern","Near Citizens House","Fri Feb 20 13:10:51 UTC 2026","passed","Fri Feb 20 13:10:51 UTC 2026","isAlreadyExistsError (tested via message patterns)","Backend Key Registration Unit Tests","",""
"Verifies that store_verification rejects user_context_data strings exceeding 4096 character maximum length.","66","test_user_context_data_too_long","Near Citizens House","Fri Feb 20 13:13:26 UTC 2026","passed","Fri Feb 20 13:13:26 UTC 2026","Input Validation","Verified Accounts Unit Tests","",""
"
## Purpose
Verifies that VersionedVerification enum discriminants remain constant for record migration.

## Why This Matters
- If VersionedVerification::V1 discriminant changes, existing records become unreadable
- Lazy migration relies on correctly deserializing V1 records

## Expected Values
- V1: 0x00
","0","test_versioned_verification_discriminants_are_stable","Near Citizens House","Fri Feb 20 13:13:26 UTC 2026","passed","Fri Feb 20 13:13:26 UTC 2026","Storage Stability","Verified Accounts Unit Tests","",""
"","2","should reject signature for wrong recipient","Near Citizens House","Fri Feb 20 13:10:51 UTC 2026","passed","Fri Feb 20 13:10:51 UTC 2026","NEP-413 Verification > verifyNearSignature > Negative Tests","Shared Library Unit Tests","",""
"","0","pending -> cancelled after scheduled start","deriveProposalTimelineModel lifecycle coverage (contract-aligned)","Fri Feb 20 13:10:51 UTC 2026","passed","Fri Feb 20 13:10:51 UTC 2026","","","",""
"","0","test_verification_summary_json_roundtrip","Near Citizens House","Fri Feb 20 13:13:26 UTC 2026","passed","Fri Feb 20 13:13:26 UTC 2026","Serialization","Verified Accounts Interface Tests","",""
"","0","rejects empty string","Near Citizens House","Fri Feb 20 13:10:51 UTC 2026","passed","Fri Feb 20 13:10:51 UTC 2026","NEAR Account Validation > nearAccountIdSchema","Shared Library Unit Tests","",""
"","0","uses exponential backoff for delays","Near Citizens House","Fri Feb 20 13:10:51 UTC 2026","passed","Fri Feb 20 13:10:51 UTC 2026","retry configuration","Backend Key Registration Unit Tests","",""
"Verifies that batch verification handles empty input array correctly.","28","test_are_verified_empty_input","Near Citizens House","Fri Feb 20 13:13:26 UTC 2026","passed","Fri Feb 20 13:13:26 UTC 2026","Composability Interface","Verified Accounts Unit Tests","",""
"Verifies e2e 001 full happy path yes wins.","23713","it_e2e_001_full_happy_path_yes_wins","Near Citizens House","Fri Feb 20 13:51:29 UTC 2026","passed","Fri Feb 20 13:51:53 UTC 2026","End-to-End","Governance Integration Tests","",""
"","0","should return null for empty accountId","Near Citizens House","Fri Feb 20 13:10:51 UTC 2026","passed","Fri Feb 20 13:10:51 UTC 2026","NEP-413 Verification > parseUserContextData > Negative Tests","Shared Library Unit Tests","",""
"","0","keeps ended state loading while checking vote history","deriveVotePanelState","Fri Feb 20 13:10:51 UTC 2026","passed","Fri Feb 20 13:10:51 UTC 2026","","","",""
"Verifies config 003 update verified contract when idle.","6643","it_config_003_update_verified_contract_when_idle","Near Citizens House","Fri Feb 20 13:49:45 UTC 2026","passed","Fri Feb 20 13:49:51 UTC 2026","Configuration","Governance Integration Tests","",""
"","4","runs in development with FORCE_KEY_REGISTRATION=true","Near Citizens House","Fri Feb 20 13:10:51 UTC 2026","passed","Fri Feb 20 13:10:51 UTC 2026","environment checks","Backend Key Registration Unit Tests","",""
"","0","shows ended state before wallet connection prompt","deriveVotePanelState","Fri Feb 20 13:10:51 UTC 2026","passed","Fri Feb 20 13:10:51 UTC 2026","","","",""
"Verifies init 001 double initialization rejected.","4096","it_init_001_double_initialization_rejected","Near Citizens House","Fri Feb 20 13:56:20 UTC 2026","passed","Fri Feb 20 13:56:25 UTC 2026","Initialization","Governance Integration Tests","",""
"","0","should handle nonce with mixed byte values","Near Citizens House","Fri Feb 20 13:10:51 UTC 2026","passed","Fri Feb 20 13:10:51 UTC 2026","NEP-413 Verification > computeNep413Hash > Boundary Tests","Shared Library Unit Tests","",""
"Verifies block 012 blocklist affects voting eligibility and quorum across proposals.","40375","it_block_012_blocklist_vote_eligibility_and_quorum_across_proposals","Near Citizens House","Fri Feb 20 13:40:28 UTC 2026","passed","Fri Feb 20 13:41:08 UTC 2026","Blocklist","Governance Integration Tests","",""
"","0","active -> failed (quorum_not_met) after finalize","deriveProposalTimelineModel lifecycle coverage (contract-aligned)","Fri Feb 20 13:10:51 UTC 2026","passed","Fri Feb 20 13:10:51 UTC 2026","","","",""
"Verifies that signatures with invalid length (not 64 bytes) are rejected.","3726","test_invalid_signature_length","Near Citizens House","Fri Feb 20 13:20:52 UTC 2026","passed","Fri Feb 20 13:20:55 UTC 2026","Input Validation","Verified Accounts Integration Tests","",""
"Upgrade test: Contract state fields (backend_wallet, paused) persist across upgrade.","4135","test_upgrade_preserves_contract_state","Near Citizens House","Fri Feb 20 13:20:56 UTC 2026","passed","Fri Feb 20 13:21:00 UTC 2026","Versioning","Verified Accounts Integration Tests","",""
"","0","should handle empty recipient string","Near Citizens House","Fri Feb 20 13:10:51 UTC 2026","passed","Fri Feb 20 13:10:51 UTC 2026","NEP-413 Verification > computeNep413Hash > Edge Cases","Shared Library Unit Tests","",""
"","0","rejects non-base64 payload","relayRequestSchema","Fri Feb 20 13:10:51 UTC 2026","passed","Fri Feb 20 13:10:51 UTC 2026","","","",""
"Verifies refund 001 full refund on callback failed.","7111","it_refund_001_full_refund_on_callback_failed","Near Citizens House","Fri Feb 20 13:58:53 UTC 2026","passed","Fri Feb 20 13:59:00 UTC 2026","Storage","Governance Integration Tests","",""
"Verifies that backend wallet can be updated by the current backend wallet, emitting proper events.","43","test_update_backend_wallet","Near Citizens House","Fri Feb 20 13:13:26 UTC 2026","passed","Fri Feb 20 13:13:26 UTC 2026","Backend Wallet Management","Verified Accounts Unit Tests","",""
"Upgrade test: V2-specific get_upgrade_timestamp method works after upgrade. ContractV2 records the timestamp when V1 state was migrated.","5631","test_upgrade_v2_contract_upgrade_timestamp","Near Citizens House","Fri Feb 20 13:20:56 UTC 2026","passed","Fri Feb 20 13:21:02 UTC 2026","Versioning","Verified Accounts Integration Tests","",""
"Test 2.7.2: Verifies that read operations (is_verified, get_verified_count, list_verifications) still work when the contract is paused.","4251","test_pause_allows_read_operations","Near Citizens House","Fri Feb 20 13:20:52 UTC 2026","passed","Fri Feb 20 13:20:56 UTC 2026","Pause/Unpause","Verified Accounts Integration Tests","",""
"","1","should return error for invalid public key","Near Citizens House","Fri Feb 20 13:10:51 UTC 2026","passed","Fri Feb 20 13:10:51 UTC 2026","NEP-413 Verification > verifyNearSignature > Negative Tests","Shared Library Unit Tests","",""
"","0","rejects malformed or insufficient bond values","governance proposal validation","Fri Feb 20 13:10:51 UTC 2026","passed","Fri Feb 20 13:10:51 UTC 2026","","","",""
"","0","rejects extra properties (strict mode)","Analytics Event Type Safety","Fri Feb 20 13:10:51 UTC 2026","passed","Fri Feb 20 13:10:51 UTC 2026","","invalid events cause type errors","",""
"","2","classifies successful vote outcomes","relay vote response classification","Fri Feb 20 13:10:51 UTC 2026","passed","Fri Feb 20 13:10:51 UTC 2026","","","",""
"","0","should handle empty message","Near Citizens House","Fri Feb 20 13:10:51 UTC 2026","passed","Fri Feb 20 13:10:51 UTC 2026","NEP-413 Verification > computeNep413Hash > Edge Cases","Shared Library Unit Tests","",""
"","1","returns proposal and vote tags for vote_cast invalidation","rpc-tags helpers","Fri Feb 20 13:10:51 UTC 2026","passed","Fri Feb 20 13:10:51 UTC 2026","","","",""
"","0","rejects wrong length","Near Citizens House","Fri Feb 20 13:10:51 UTC 2026","passed","Fri Feb 20 13:10:51 UTC 2026","NEAR Account Validation > ethImplicitAccountSchema > invalid ETH-implicit accounts","Shared Library Unit Tests","",""
"","1","parses all vote_rejected reasons","resolveGovernanceVoteOutcome","Fri Feb 20 13:10:51 UTC 2026","passed","Fri Feb 20 13:10:51 UTC 2026","","","",""
"Verifies view 003 list admins blocklist out of range.","7125","it_view_003_list_admins_blocklist_out_of_range","Near Citizens House","Fri Feb 20 14:01:18 UTC 2026","passed","Fri Feb 20 14:01:25 UTC 2026","View","Governance Integration Tests","",""
"","0","accepts valid cast_vote arguments","castVoteArgsSchema","Fri Feb 20 13:10:51 UTC 2026","passed","Fri Feb 20 13:10:51 UTC 2026","","","",""
"","1","recognizes AddKeyAlreadyExists error pattern","Near Citizens House","Fri Feb 20 13:10:51 UTC 2026","passed","Fri Feb 20 13:10:51 UTC 2026","isAlreadyExistsError (tested via message patterns)","Backend Key Registration Unit Tests","",""
"","0","identifies implicit accounts","Near Citizens House","Fri Feb 20 13:10:51 UTC 2026","passed","Fri Feb 20 13:10:51 UTC 2026","NEAR Account Validation > getNearAccountType","Shared Library Unit Tests","",""
"Verifies view 001 list proposals pagination.","7631","it_view_001_list_proposals_pagination","Near Citizens House","Fri Feb 20 14:01:01 UTC 2026","passed","Fri Feb 20 14:01:08 UTC 2026","View","Governance Integration Tests","",""
"Verifies that are_verified enforces the batch size limit of 100 accounts.","2288","test_batch_size_limit_enforced","Near Citizens House","Fri Feb 20 13:20:54 UTC 2026","passed","Fri Feb 20 13:20:57 UTC 2026","Security","Verified Accounts Integration Tests","",""
"Verifies that get_verification returns None for non-existent accounts.","28","test_get_verification_empty","Near Citizens House","Fri Feb 20 13:13:26 UTC 2026","passed","Fri Feb 20 13:13:26 UTC 2026","Composability Interface","Verified Accounts Unit Tests","",""
"","0","uses no-vote tallies for confirmed no votes","optimistic vote reconciliation","Fri Feb 20 13:10:51 UTC 2026","passed","Fri Feb 20 13:10:51 UTC 2026","","","",""
"","0","rejects uppercase hex","Near Citizens House","Fri Feb 20 13:10:51 UTC 2026","passed","Fri Feb 20 13:10:51 UTC 2026","NEAR Account Validation > nearImplicitAccountSchema > invalid implicit accounts","Shared Library Unit Tests","",""
"Verifies vote async 004 stuck pending vote cleared by admin.","7127","it_vote_async_004_stuck_pending_vote_cleared_by_admin","Near Citizens House","Fri Feb 20 14:02:08 UTC 2026","passed","Fri Feb 20 14:02:16 UTC 2026","Async Voting","Governance Integration Tests","",""
"Verifies that pagination is capped at 100 items even when requesting more.","108578","test_pagination_limit_capped_at_100","Near Citizens House","Fri Feb 20 13:20:52 UTC 2026","passed","Fri Feb 20 13:22:40 UTC 2026","Pagination","Verified Accounts Integration Tests","",""
"","0","accepts maximum length (64 chars)","Near Citizens House","Fri Feb 20 13:10:51 UTC 2026","passed","Fri Feb 20 13:10:51 UTC 2026","NEAR Account Validation > nearNamedAccountSchema > valid named accounts","Shared Library Unit Tests","",""
"","0","pending -> active before start (scheduled)","deriveProposalTimelineModel lifecycle coverage (contract-aligned)","Fri Feb 20 13:10:51 UTC 2026","passed","Fri Feb 20 13:10:51 UTC 2026","","","",""
"Verifies that is_verified returns false for accounts that have not been verified.","2598","test_is_verified_returns_false_for_unverified","Near Citizens House","Fri Feb 20 13:20:54 UTC 2026","passed","Fri Feb 20 13:20:57 UTC 2026","Read Functions","Verified Accounts Integration Tests","",""
"Verifies e2e 004 start delay happy path.","10133","it_e2e_004_start_delay_happy_path","Near Citizens House","Fri Feb 20 13:53:00 UTC 2026","passed","Fri Feb 20 13:53:10 UTC 2026","End-to-End","Governance Integration Tests","",""
"Verifies that store_verification requires exactly 1 yoctoNEAR deposit. This prevents accidental calls and provides a small security measure.","4287","test_store_verification_requires_one_yocto","Near Citizens House","Fri Feb 20 13:20:52 UTC 2026","passed","Fri Feb 20 13:20:56 UTC 2026","Access Control","Verified Accounts Integration Tests","",""
"Test 1.1.4: Verifies that the contract cannot be reinitialized after initial setup.","3246","test_init_cannot_reinitialize","Near Citizens House","Fri Feb 20 13:20:52 UTC 2026","passed","Fri Feb 20 13:20:55 UTC 2026","Initialization","Verified Accounts Integration Tests","",""
"","3","catches all errors during execution","Near Citizens House","Fri Feb 20 13:10:51 UTC 2026","passed","Fri Feb 20 13:10:51 UTC 2026","never throws guarantee","Backend Key Registration Unit Tests","",""
"Verifies that changing the nonce after signing invalidates the signature.","33","test_signature_wrong_nonce_rejected","Near Citizens House","Fri Feb 20 13:13:26 UTC 2026","passed","Fri Feb 20 13:13:26 UTC 2026","Signature Verification","Verified Accounts Unit Tests","",""
"","0","shows already-voted state on active proposals","deriveVotePanelState","Fri Feb 20 13:10:51 UTC 2026","passed","Fri Feb 20 13:10:51 UTC 2026","","","",""
"","70","derives the same key for the same index","deterministic voter key helpers","Fri Feb 20 13:10:51 UTC 2026","passed","Fri Feb 20 13:10:51 UTC 2026","","","",""
"Verifies e2e 009 verified at equals created at boundary.","6613","it_e2e_009_verified_at_equals_created_at_boundary","Near Citizens House","Fri Feb 20 13:54:14 UTC 2026","passed","Fri Feb 20 13:54:20 UTC 2026","End-to-End","Governance Integration Tests","",""
"","0","rejects invalid stage value for errors","Analytics Event Type Safety","Fri Feb 20 13:10:51 UTC 2026","passed","Fri Feb 20 13:10:51 UTC 2026","","invalid events cause type errors","",""
"Verifies block 005 pending blocklist op prevents another.","18130","it_block_005_pending_blocklist_op_prevents_another","Near Citizens House","Fri Feb 20 13:39:08 UTC 2026","passed","Fri Feb 20 13:39:26 UTC 2026","Blocklist","Governance Integration Tests","",""
"Verifies that store_verification rejects when signature account_id doesn't match near_account_id parameter.","64","test_account_id_mismatch","Near Citizens House","Fri Feb 20 13:13:26 UTC 2026","passed","Fri Feb 20 13:13:26 UTC 2026","Input Validation","Verified Accounts Unit Tests","",""
"","0","should handle mixed binary and JSON data","Near Citizens House","Fri Feb 20 13:10:51 UTC 2026","passed","Fri Feb 20 13:10:51 UTC 2026","NEP-413 Verification > parseUserContextData > Edge Cases","Shared Library Unit Tests","",""
"","0","has 1000ms base delay","Near Citizens House","Fri Feb 20 13:10:51 UTC 2026","passed","Fri Feb 20 13:10:51 UTC 2026","retry configuration","Backend Key Registration Unit Tests","",""
"","0","rejects missing 0x prefix","Near Citizens House","Fri Feb 20 13:10:51 UTC 2026","passed","Fri Feb 20 13:10:51 UTC 2026","NEAR Account Validation > ethImplicitAccountSchema > invalid ETH-implicit accounts","Shared Library Unit Tests","",""
"","0","should produce deterministic hash for same inputs","Near Citizens House","Fri Feb 20 13:10:51 UTC 2026","passed","Fri Feb 20 13:10:51 UTC 2026","NEP-413 Verification > computeNep413Hash > Happy Path","Shared Library Unit Tests","",""
"Verifies refund 007 partial refund on success.","7125","it_refund_007_partial_refund_on_success","Near Citizens House","Fri Feb 20 13:59:59 UTC 2026","passed","Fri Feb 20 14:00:06 UTC 2026","Storage","Governance Integration Tests","",""
"","0","test_verification_json_roundtrip","Near Citizens House","Fri Feb 20 13:13:26 UTC 2026","passed","Fri Feb 20 13:13:26 UTC 2026","Serialization","Verified Accounts Interface Tests","",""
"","1","cycles through keys 0-9 repeatedly","Near Citizens House","Fri Feb 20 13:10:51 UTC 2026","passed","Fri Feb 20 13:10:51 UTC 2026","BackendKeyPool > Redis round-robin","Backend Key Pool Unit Tests","",""
"Verifies e2e 006 non admin can finalize.","17190","it_e2e_006_non_admin_can_finalize","Near Citizens House","Fri Feb 20 13:53:16 UTC 2026","passed","Fri Feb 20 13:53:33 UTC 2026","End-to-End","Governance Integration Tests","",""
"","0","documents batch registration approach","Near Citizens House","Fri Feb 20 13:10:51 UTC 2026","passed","Fri Feb 20 13:10:51 UTC 2026","key registration batch strategy","Backend Key Registration Unit Tests","",""
"Verifies final 002 finalize after grace proceeds.","18175","it_final_002_finalize_after_grace_proceeds","Near Citizens House","Fri Feb 20 13:55:01 UTC 2026","passed","Fri Feb 20 13:55:19 UTC 2026","End-to-End","Governance Integration Tests","",""
"Verifies config 008 update grace during active.","6111","it_config_008_update_grace_during_active","Near Citizens House","Fri Feb 20 13:50:33 UTC 2026","passed","Fri Feb 20 13:50:39 UTC 2026","Configuration","Governance Integration Tests","",""
"KNOWN BEHAVIOR: Empty key body returns empty hex string. This documents current behavior - consider throwing an error instead since an empty key is invalid for cryptographic operations.","0","should handle key with only prefix (returns empty hex)","Near Citizens House","Fri Feb 20 13:10:51 UTC 2026","passed","Fri Feb 20 13:10:51 UTC 2026","NEP-413 Verification > extractEd25519PublicKeyHex > Edge Cases","Shared Library Unit Tests","",""
"","0","redirects /proposals/admin to stage home when override is disabled","proxy governance admin route override","Fri Feb 20 13:10:52 UTC 2026","passed","Fri Feb 20 13:10:52 UTC 2026","","","",""
"Verifies config 011 reduce grace allows finalize sooner.","19687","it_config_011_reduce_grace_allows_finalize_sooner","Near Citizens House","Fri Feb 20 13:51:10 UTC 2026","passed","Fri Feb 20 13:51:29 UTC 2026","Configuration","Governance Integration Tests","",""
"","0","requires platform on updated events","Analytics Event Type Safety","Fri Feb 20 13:10:51 UTC 2026","passed","Fri Feb 20 13:10:51 UTC 2026","","invalid events cause type errors","",""
"","0","should handle JSON with null bytes","Near Citizens House","Fri Feb 20 13:10:51 UTC 2026","passed","Fri Feb 20 13:10:51 UTC 2026","NEP-413 Verification > parseUserContextData > Edge Cases","Shared Library Unit Tests","",""
"Verifies prop err 003 blocklist op pending.","4595","it_prop_err_003_blocklist_op_pending","Near Citizens House","Fri Feb 20 13:56:53 UTC 2026","passed","Fri Feb 20 13:56:58 UTC 2026","Proposals","Governance Integration Tests","",""
"","0","rejects records that attempt to include private key material","deterministic voter manifest helpers","Fri Feb 20 13:10:51 UTC 2026","passed","Fri Feb 20 13:10:51 UTC 2026","","","",""
"","1","should parse valid hex-encoded JSON input","Near Citizens House","Fri Feb 20 13:10:51 UTC 2026","passed","Fri Feb 20 13:10:51 UTC 2026","NEP-413 Verification > parseUserContextData > Happy Path","Shared Library Unit Tests","",""
"","0","should reject short signature","Near Citizens House","Fri Feb 20 13:10:51 UTC 2026","passed","Fri Feb 20 13:10:51 UTC 2026","NEP-413 Verification > verifyNearSignature > Boundary Tests","Shared Library Unit Tests","",""
"Upgrade test: Account uniqueness persists across upgrade.","5118","test_upgrade_account_uniqueness_persists","Near Citizens House","Fri Feb 20 13:20:56 UTC 2026","passed","Fri Feb 20 13:21:01 UTC 2026","Versioning","Verified Accounts Integration Tests","",""
"Verifies that only the current backend wallet can update the backend wallet and unauthorized accounts are rejected.","67","test_unauthorized_update_backend_wallet","Near Citizens House","Fri Feb 20 13:13:26 UTC 2026","passed","Fri Feb 20 13:13:26 UTC 2026","Backend Wallet Management","Verified Accounts Unit Tests","",""
"Verifies that unpause requires exactly 1 yoctoNEAR deposit.","4258","test_unpause_requires_one_yocto","Near Citizens House","Fri Feb 20 13:20:52 UTC 2026","passed","Fri Feb 20 13:20:56 UTC 2026","Pause/Unpause","Verified Accounts Integration Tests","",""
"Verifies bond 005 retained after snapshot callback failed.","5611","it_bond_005_retained_after_snapshot_callback_failed","Near Citizens House","Fri Feb 20 13:49:20 UTC 2026","passed","Fri Feb 20 13:49:26 UTC 2026","Bond","Governance Integration Tests","",""
"Verifies that is_paused() correctly reflects the actual contract state after pause and unpause operations.","45","test_invariant_paused_state_consistent","Near Citizens House","Fri Feb 20 13:13:26 UTC 2026","passed","Fri Feb 20 13:13:26 UTC 2026","Invariants","Verified Accounts Unit Tests","",""
"Verifies e2e 003 quorum not met.","21713","it_e2e_003_quorum_not_met","Near Citizens House","Fri Feb 20 13:52:17 UTC 2026","passed","Fri Feb 20 13:52:39 UTC 2026","End-to-End","Governance Integration Tests","",""
"Verifies prop id 001proposal ids sequential.","6614","it_prop_id_001proposal_ids_sequential","Near Citizens House","Fri Feb 20 13:55:19 UTC 2026","passed","Fri Feb 20 13:55:26 UTC 2026","End-to-End","Governance Integration Tests","",""
"Verifies that user_context_data at the 4096 character limit is accepted.","41","test_user_context_data_max_length_allowed","Near Citizens House","Fri Feb 20 13:13:26 UTC 2026","passed","Fri Feb 20 13:13:26 UTC 2026","Input Validation","Verified Accounts Unit Tests","",""
"","0","returns null for invalid datetime-local input","governance date utilities","Fri Feb 20 13:10:51 UTC 2026","passed","Fri Feb 20 13:10:51 UTC 2026","","","",""
"","0","should extract public key from valid ed25519: prefixed key","Near Citizens House","Fri Feb 20 13:10:51 UTC 2026","passed","Fri Feb 20 13:10:51 UTC 2026","NEP-413 Verification > extractEd25519PublicKeyHex > Happy Path","Shared Library Unit Tests","",""
"","3","does not skip in test mode","Near Citizens House","Fri Feb 20 13:10:51 UTC 2026","passed","Fri Feb 20 13:10:51 UTC 2026","environment checks","Backend Key Registration Unit Tests","",""
"","0","rejects uppercase letters","Near Citizens House","Fri Feb 20 13:10:51 UTC 2026","passed","Fri Feb 20 13:10:51 UTC 2026","NEAR Account Validation > nearNamedAccountSchema > invalid named accounts","Shared Library Unit Tests","",""
"","0","has 5 max retries","Near Citizens House","Fri Feb 20 13:10:51 UTC 2026","passed","Fri Feb 20 13:10:51 UTC 2026","retry configuration","Backend Key Registration Unit Tests","",""
"","0","should preserve base64 nonce format","Near Citizens House","Fri Feb 20 13:10:51 UTC 2026","passed","Fri Feb 20 13:10:51 UTC 2026","NEP-413 Verification > parseUserContextData > Positive Tests","Shared Library Unit Tests","",""
"","76","derives same key for same master key and index (deterministic)","Near Citizens House","Fri Feb 20 13:10:51 UTC 2026","passed","Fri Feb 20 13:10:51 UTC 2026","BackendKeyPool > key derivation","Backend Key Pool Unit Tests","",""
"","0","returns false for invalid accounts","Near Citizens House","Fri Feb 20 13:10:51 UTC 2026","passed","Fri Feb 20 13:10:51 UTC 2026","NEAR Account Validation > isValidNearAccountId","Shared Library Unit Tests","",""
"Verifies that account ID mismatch between near_account_id and signature_data.account_id is rejected.","4263","test_account_id_mismatch","Near Citizens House","Fri Feb 20 13:20:52 UTC 2026","passed","Fri Feb 20 13:20:56 UTC 2026","Input Validation","Verified Accounts Integration Tests","",""
"Verifies block 007 clear stale blocklist op.","4974","it_block_007_clear_stale_blocklist_op","Near Citizens House","Fri Feb 20 13:39:33 UTC 2026","passed","Fri Feb 20 13:39:38 UTC 2026","Blocklist","Governance Integration Tests","",""
"","0","recognizes 'nonce' as retryable","Near Citizens House","Fri Feb 20 13:10:51 UTC 2026","passed","Fri Feb 20 13:10:51 UTC 2026","isRetryableError (tested via message patterns)","Backend Key Registration Unit Tests","",""
"","3","should verify signature with different valid nonces","Near Citizens House","Fri Feb 20 13:10:51 UTC 2026","passed","Fri Feb 20 13:10:51 UTC 2026","NEP-413 Verification > verifyNearSignature > Positive Tests","Shared Library Unit Tests","",""
"","0","rejects whitespace","Near Citizens House","Fri Feb 20 13:10:51 UTC 2026","passed","Fri Feb 20 13:10:51 UTC 2026","NEAR Account Validation > nearAccountIdSchema","Shared Library Unit Tests","",""
"","0","should handle nonce with all 0xFF values (max byte)","Near Citizens House","Fri Feb 20 13:10:51 UTC 2026","passed","Fri Feb 20 13:10:51 UTC 2026","NEP-413 Verification > computeNep413Hash > Boundary Tests","Shared Library Unit Tests","",""
"","0","shows scheduled state for active proposals that have not started","deriveVotePanelState","Fri Feb 20 13:10:51 UTC 2026","passed","Fri Feb 20 13:10:51 UTC 2026","","","",""
"","1","should throw for long nonce (33 bytes)","Near Citizens House","Fri Feb 20 13:10:51 UTC 2026","passed","Fri Feb 20 13:10:51 UTC 2026","NEP-413 Verification > computeNep413Hash > Boundary Tests","Shared Library Unit Tests","",""
"","4","should handle keys from different keypairs","Near Citizens House","Fri Feb 20 13:10:51 UTC 2026","passed","Fri Feb 20 13:10:51 UTC 2026","NEP-413 Verification > extractEd25519PublicKeyHex > Positive Tests","Shared Library Unit Tests","",""
"Verifies vote async 003 callback error leaves no pending lock.","6113","it_vote_async_003_callback_error_leaves_no_pending_lock","Near Citizens House","Fri Feb 20 14:02:02 UTC 2026","passed","Fri Feb 20 14:02:08 UTC 2026","Async Voting","Governance Integration Tests","",""
"Verifies that a tampered signature fails NEP-413 verification.","32","test_invalid_signature_contents","Near Citizens House","Fri Feb 20 13:13:26 UTC 2026","passed","Fri Feb 20 13:13:26 UTC 2026","Signature Verification","Verified Accounts Unit Tests","",""
"","0","shows unverified ineligible state","deriveVotePanelState","Fri Feb 20 13:10:51 UTC 2026","passed","Fri Feb 20 13:10:51 UTC 2026","","","",""
"Verifies block 009 is blocklist locked lifecycle.","17557","it_block_009_is_blocklist_locked_lifecycle","Near Citizens House","Fri Feb 20 13:39:55 UTC 2026","passed","Fri Feb 20 13:40:12 UTC 2026","Blocklist","Governance Integration Tests","",""
"Verifies prop err 001 description too long.","4097","it_prop_err_001_description_too_long","Near Citizens House","Fri Feb 20 13:56:45 UTC 2026","passed","Fri Feb 20 13:56:49 UTC 2026","Proposals","Governance Integration Tests","",""
"","0","should return null for malformed JSON","Near Citizens House","Fri Feb 20 13:10:51 UTC 2026","passed","Fri Feb 20 13:10:51 UTC 2026","NEP-413 Verification > parseUserContextData > Negative Tests","Shared Library Unit Tests","",""
"Verifies contract initialization stores correct backend wallet and sets initial verified count to zero.","28","test_initialization","Near Citizens House","Fri Feb 20 13:13:26 UTC 2026","passed","Fri Feb 20 13:13:26 UTC 2026","Contract Initialization","Verified Accounts Unit Tests","",""
"","0","should have type as required","SumSub webhook schema drift detection","Fri Feb 20 13:10:51 UTC 2026","passed","Fri Feb 20 13:10:51 UTC 2026","","","",""
"","0","returns same keys on multiple calls (caching)","Near Citizens House","Fri Feb 20 13:10:51 UTC 2026","passed","Fri Feb 20 13:10:51 UTC 2026","BackendKeyPool > getAllPublicKeys","Backend Key Pool Unit Tests","",""
"","35","skips in development mode without FORCE_KEY_REGISTRATION","Near Citizens House","Fri Feb 20 13:10:51 UTC 2026","passed","Fri Feb 20 13:10:51 UTC 2026","environment checks","Backend Key Registration Unit Tests","",""
"","0","should require exactly 32-byte nonce","Near Citizens House","Fri Feb 20 13:10:51 UTC 2026","passed","Fri Feb 20 13:10:51 UTC 2026","NEP-413 Verification > computeNep413Hash > Boundary Tests","Shared Library Unit Tests","",""
"","0","rejects accounts shorter than 2 chars","Near Citizens House","Fri Feb 20 13:10:51 UTC 2026","passed","Fri Feb 20 13:10:51 UTC 2026","NEAR Account Validation > nearNamedAccountSchema > invalid named accounts","Shared Library Unit Tests","",""
"Verifies that list_verifications returns an empty list when no accounts have been verified.","2090","test_list_verifications_empty","Near Citizens House","Fri Feb 20 13:20:54 UTC 2026","passed","Fri Feb 20 13:20:56 UTC 2026","Read Functions","Verified Accounts Integration Tests","",""
"Verifies store 001b deposit attached when free partial refund.","7119","it_store_001b_deposit_attached_when_free_partial_refund","Near Citizens House","Fri Feb 20 14:00:31 UTC 2026","passed","Fri Feb 20 14:00:38 UTC 2026","Storage","Governance Integration Tests","",""
"Verifies e2e 011 deferred start end to end.","21200","it_e2e_011_deferred_start_end_to_end","Near Citizens House","Fri Feb 20 13:54:27 UTC 2026","passed","Fri Feb 20 13:54:49 UTC 2026","End-to-End","Governance Integration Tests","",""
"","0","rejects wrong length","Near Citizens House","Fri Feb 20 13:10:51 UTC 2026","passed","Fri Feb 20 13:10:51 UTC 2026","NEAR Account Validation > nearImplicitAccountSchema > invalid implicit accounts","Shared Library Unit Tests","",""
"Verifies that nonces with invalid length (not 32 bytes) are rejected.","3758","test_invalid_nonce_length","Near Citizens House","Fri Feb 20 13:20:52 UTC 2026","passed","Fri Feb 20 13:20:55 UTC 2026","Input Validation","Verified Accounts Integration Tests","",""
"Verifies prop err 010 config updates out of range.","6614","it_prop_err_010_config_updates_out_of_range","Near Citizens House","Fri Feb 20 13:57:57 UTC 2026","passed","Fri Feb 20 13:58:03 UTC 2026","Proposals","Governance Integration Tests","",""
"Verifies config 005 grace period change affects existing.","21722","it_config_005_grace_period_change_affects_existing","Near Citizens House","Fri Feb 20 13:49:59 UTC 2026","passed","Fri Feb 20 13:50:21 UTC 2026","Configuration","Governance Integration Tests","",""
"","0","pending callback delay after scheduled end","deriveProposalTimelineModel lifecycle coverage (contract-aligned)","Fri Feb 20 13:10:51 UTC 2026","passed","Fri Feb 20 13:10:51 UTC 2026","","","",""
"Verifies mig 001 migrate requires admin and one yocto.","6115","it_mig_001_migrate_requires_admin_and_one_yocto","Near Citizens House","Fri Feb 20 13:56:25 UTC 2026","passed","Fri Feb 20 13:56:31 UTC 2026","Migration","Governance Integration Tests","",""
"","0","identifies named accounts","Near Citizens House","Fri Feb 20 13:10:51 UTC 2026","passed","Fri Feb 20 13:10:51 UTC 2026","NEAR Account Validation > getNearAccountType","Shared Library Unit Tests","",""
"Verifies refund 006 full refund on proposal expired.","17689","it_refund_006_full_refund_on_proposal_expired","Near Citizens House","Fri Feb 20 13:59:41 UTC 2026","passed","Fri Feb 20 13:59:59 UTC 2026","Storage","Governance Integration Tests","",""
"Verifies block 011 adding existing blocklist entry is idempotent.","6613","it_block_011_add_existing_blocklist_entry_is_idempotent","Near Citizens House","Fri Feb 20 13:40:21 UTC 2026","passed","Fri Feb 20 13:40:28 UTC 2026","Blocklist","Governance Integration Tests","",""
"","1","returns verification mutation tags for route handlers","rpc-tags helpers","Fri Feb 20 13:10:51 UTC 2026","passed","Fri Feb 20 13:10:51 UTC 2026","","","",""
"Stress test: store many verifications and validate count and pagination behavior.","1010772","test_stress_bulk_verifications_and_pagination","Near Citizens House","Fri Feb 20 13:20:55 UTC 2026","passed","Fri Feb 20 13:37:46 UTC 2026","Stress Tests","Verified Accounts Integration Tests","",""
"Verifies that changing the challenge after signing invalidates the signature.","32","test_signature_wrong_challenge_rejected","Near Citizens House","Fri Feb 20 13:13:26 UTC 2026","passed","Fri Feb 20 13:13:26 UTC 2026","Signature Verification","Verified Accounts Unit Tests","",""
"","0","pending -> failed (snapshot_callback_failed) before start","deriveProposalTimelineModel lifecycle coverage (contract-aligned)","Fri Feb 20 13:10:51 UTC 2026","passed","Fri Feb 20 13:10:51 UTC 2026","","","",""
"Verifies prop err 009 unblocklist locked by active.","21202","it_prop_err_009_unblocklist_locked_by_active","Near Citizens House","Fri Feb 20 13:57:35 UTC 2026","passed","Fri Feb 20 13:57:57 UTC 2026","Proposals","Governance Integration Tests","",""
"","0","test_verification_summary_json_missing_near_account_id_fails","Near Citizens House","Fri Feb 20 13:13:26 UTC 2026","passed","Fri Feb 20 13:13:26 UTC 2026","Validation","Verified Accounts Interface Tests","",""
"","0","pending callback delay during scheduled voting window","deriveProposalTimelineModel lifecycle coverage (contract-aligned)","Fri Feb 20 13:10:51 UTC 2026","passed","Fri Feb 20 13:10:51 UTC 2026","","","",""
"Verifies that are_verified rejects batch queries exceeding maximum size of 100 accounts.","65","test_batch_size_exceeded_are_verified","Near Citizens House","Fri Feb 20 13:13:26 UTC 2026","passed","Fri Feb 20 13:13:26 UTC 2026","Input Validation","Verified Accounts Unit Tests","",""
"","1","accepts all valid examples from NEAR spec","Near Citizens House","Fri Feb 20 13:10:51 UTC 2026","passed","Fri Feb 20 13:10:51 UTC 2026","NEAR Account Validation > nearNamedAccountSchema > valid named accounts","Shared Library Unit Tests","",""
"Verifies that the backend wallet can be updated and the new wallet gains proper permissions.","4677","test_update_backend_wallet","Near Citizens House","Fri Feb 20 13:20:52 UTC 2026","passed","Fri Feb 20 13:20:56 UTC 2026","Access Control","Verified Accounts Integration Tests","",""
"Verifies store 001 free vote when contract has balance.","7121","it_store_001_free_vote_when_contract_has_balance","Near Citizens House","Fri Feb 20 14:00:24 UTC 2026","passed","Fri Feb 20 14:00:31 UTC 2026","Storage","Governance Integration Tests","",""
"Verifies e2e 003b quorum not met at 50%.","21711","it_e2e_003b_quorum_not_met_50_percent","Near Citizens House","Fri Feb 20 13:52:39 UTC 2026","passed","Fri Feb 20 13:53:00 UTC 2026","End-to-End","Governance Integration Tests","",""
"","1","rejects payload above max base64 length","relayRequestSchema","Fri Feb 20 13:10:51 UTC 2026","passed","Fri Feb 20 13:10:51 UTC 2026","","","",""
"Verifies that get_full_verification returns the correct verification data.","3579","test_get_full_verification_returns_data","Near Citizens House","Fri Feb 20 13:20:55 UTC 2026","passed","Fri Feb 20 13:20:59 UTC 2026","Signature Verification","Verified Accounts Integration Tests","",""
"","0","classifies already-voted errors","relay vote response classification","Fri Feb 20 13:10:51 UTC 2026","passed","Fri Feb 20 13:10:51 UTC 2026","","","",""
"","0","returns the first validation error in field order","governance proposal validation","Fri Feb 20 13:10:51 UTC 2026","passed","Fri Feb 20 13:10:51 UTC 2026","","","",""
"Verifies block 020 finalized proposal history remains immutable after later blocklist changes.","56410","it_block_020_historical_proposal_immutability_after_blocklist_changes","Near Citizens House","Fri Feb 20 13:47:32 UTC 2026","passed","Fri Feb 20 13:48:29 UTC 2026","Blocklist","Governance Integration Tests","",""
"","0","rejects missing permission","Near Citizens House","Fri Feb 20 13:10:51 UTC 2026","passed","Fri Feb 20 13:10:51 UTC 2026","External Boundary Validation > nearAccessKeyResponseSchema","Shared Library Unit Tests","",""
"","120","does not skip in production mode","Near Citizens House","Fri Feb 20 13:10:51 UTC 2026","passed","Fri Feb 20 13:10:51 UTC 2026","environment checks","Backend Key Registration Unit Tests","",""
"Verifies that user_context_data at exactly the maximum limit (4096 bytes) is accepted.","3764","test_max_length_user_context_data","Near Citizens House","Fri Feb 20 13:20:52 UTC 2026","passed","Fri Feb 20 13:20:55 UTC 2026","Edge Cases","Verified Accounts Integration Tests","",""
"Verifies prop err 007 cast vote not active.","5105","it_prop_err_007_cast_vote_not_active","Near Citizens House","Fri Feb 20 13:57:24 UTC 2026","passed","Fri Feb 20 13:57:29 UTC 2026","Proposals","Governance Integration Tests","",""
"","0","accepts valid governance events","Analytics Event Type Safety","Fri Feb 20 13:10:51 UTC 2026","passed","Fri Feb 20 13:10:51 UTC 2026","","valid events compile correctly","",""
"","0","throws for index >= 10","Near Citizens House","Fri Feb 20 13:10:51 UTC 2026","passed","Fri Feb 20 13:10:51 UTC 2026","BackendKeyPool > getKeyByIndex","Backend Key Pool Unit Tests","",""
"","0","should produce consistent output for same input","Near Citizens House","Fri Feb 20 13:10:51 UTC 2026","passed","Fri Feb 20 13:10:51 UTC 2026","NEP-413 Verification > extractEd25519PublicKeyHex > Happy Path","Shared Library Unit Tests","",""
"Verifies that batch get_verifications returns None for all non-existent accounts.","28","test_get_verifications_empty","Near Citizens House","Fri Feb 20 13:13:26 UTC 2026","passed","Fri Feb 20 13:13:26 UTC 2026","Composability Interface","Verified Accounts Unit Tests","",""
"Verifies that batch verification returns false for all non-verified accounts.","28","test_are_verified_empty","Near Citizens House","Fri Feb 20 13:13:26 UTC 2026","passed","Fri Feb 20 13:13:26 UTC 2026","Composability Interface","Verified Accounts Unit Tests","",""
"Verifies that signatures shorter than 64 bytes are rejected.","25","test_invalid_signature_length","Near Citizens House","Fri Feb 20 13:13:26 UTC 2026","passed","Fri Feb 20 13:13:26 UTC 2026","Signature Verification","Verified Accounts Unit Tests","",""
"","0","should handle maximum allowed length (4096 chars)","Near Citizens House","Fri Feb 20 13:10:51 UTC 2026","passed","Fri Feb 20 13:10:51 UTC 2026","NEP-413 Verification > parseUserContextData > Boundary Tests","Shared Library Unit Tests","",""
"Verifies view 002 list votes pagination.","10145","it_view_002_list_votes_pagination","Near Citizens House","Fri Feb 20 14:01:08 UTC 2026","passed","Fri Feb 20 14:01:18 UTC 2026","View","Governance Integration Tests","",""
"Verifies prop err 006 finalize not active.","15662","it_prop_err_006_finalize_not_active","Near Citizens House","Fri Feb 20 13:57:08 UTC 2026","passed","Fri Feb 20 13:57:24 UTC 2026","Proposals","Governance Integration Tests","",""
"","2","builds valid, zero-padded account IDs","deterministic voter key helpers","Fri Feb 20 13:10:51 UTC 2026","passed","Fri Feb 20 13:10:51 UTC 2026","","","",""
"","1","normalizes other paginations to fixed sizes","rpc-tags helpers","Fri Feb 20 13:10:51 UTC 2026","passed","Fri Feb 20 13:10:51 UTC 2026","","","",""
"","1","detects manifest/derived mismatches","deterministic voter manifest helpers","Fri Feb 20 13:10:51 UTC 2026","passed","Fri Feb 20 13:10:51 UTC 2026","","","",""
"Verifies e2e 005 non admin cannot create proposal.","5105","it_e2e_005_non_admin_cannot_create_proposal","Near Citizens House","Fri Feb 20 13:53:10 UTC 2026","passed","Fri Feb 20 13:53:16 UTC 2026","End-to-End","Governance Integration Tests","",""
"Upgrade test: Admin functions work correctly after upgrade.","5633","test_upgrade_admin_functions_work","Near Citizens House","Fri Feb 20 13:20:56 UTC 2026","passed","Fri Feb 20 13:21:02 UTC 2026","Versioning","Verified Accounts Integration Tests","",""
"Verifies that update_backend_wallet requires exactly 1 yoctoNEAR attached deposit.","66","test_update_backend_wallet_requires_one_yocto","Near Citizens House","Fri Feb 20 13:13:26 UTC 2026","passed","Fri Feb 20 13:13:26 UTC 2026","Backend Wallet Management","Verified Accounts Unit Tests","",""
"Verifies that pause requires exactly 1 yoctoNEAR deposit.","3731","test_pause_requires_one_yocto","Near Citizens House","Fri Feb 20 13:20:52 UTC 2026","passed","Fri Feb 20 13:20:55 UTC 2026","Pause/Unpause","Verified Accounts Integration Tests","",""
"","2","should handle empty challenge message","Near Citizens House","Fri Feb 20 13:10:51 UTC 2026","passed","Fri Feb 20 13:10:51 UTC 2026","NEP-413 Verification > verifyNearSignature > Edge Cases","Shared Library Unit Tests","",""
"Verifies bond 006 bond exceeds minimum.","5615","it_bond_006_bond_exceeds_minimum","Near Citizens House","Fri Feb 20 13:49:26 UTC 2026","passed","Fri Feb 20 13:49:31 UTC 2026","Bond","Governance Integration Tests","",""
"Verifies that only the backend wallet can unpause the contract and unauthorized accounts are rejected.","51","test_unauthorized_unpause","Near Citizens House","Fri Feb 20 13:13:26 UTC 2026","passed","Fri Feb 20 13:13:26 UTC 2026","Pause/Unpause","Verified Accounts Unit Tests","",""
"","0","uses UTF-8 byte limits like the contract","governance proposal validation","Fri Feb 20 13:10:51 UTC 2026","passed","Fri Feb 20 13:10:51 UTC 2026","","","",""
"Verifies that store_verification rejects when signature recipient doesn't match the contract account.","65","test_recipient_mismatch","Near Citizens House","Fri Feb 20 13:13:26 UTC 2026","passed","Fri Feb 20 13:13:26 UTC 2026","Input Validation","Verified Accounts Unit Tests","",""
"","0","documents between-retry verification","Near Citizens House","Fri Feb 20 13:10:51 UTC 2026","passed","Fri Feb 20 13:10:51 UTC 2026","key registration batch strategy","Backend Key Registration Unit Tests","",""
"Verifies snap 001 snapshot callback failure.","5612","it_snap_001_snapshot_callback_failure","Near Citizens House","Fri Feb 20 13:58:43 UTC 2026","passed","Fri Feb 20 13:58:48 UTC 2026","Snapshots","Governance Integration Tests","",""
"","0","accepts ETH-implicit accounts","Near Citizens House","Fri Feb 20 13:10:51 UTC 2026","passed","Fri Feb 20 13:10:51 UTC 2026","NEAR Account Validation > nearAccountIdSchema","Shared Library Unit Tests","",""
"Verifies e2e 012 concurrent votes sameproposal.","12664","it_e2e_012_concurrent_votes_sameproposal","Near Citizens House","Fri Feb 20 13:54:49 UTC 2026","passed","Fri Feb 20 13:55:01 UTC 2026","End-to-End","Governance Integration Tests","",""
"Test 1.1.5: Verifies that the contract can be initialized with a subaccount as backend wallet.","3197","test_init_with_subaccount_backend","Near Citizens House","Fri Feb 20 13:20:52 UTC 2026","passed","Fri Feb 20 13:20:55 UTC 2026","Initialization","Verified Accounts Integration Tests","",""
"","0","recognizes 'Server error' as retryable","Near Citizens House","Fri Feb 20 13:10:51 UTC 2026","passed","Fri Feb 20 13:10:51 UTC 2026","isRetryableError (tested via message patterns)","Backend Key Registration Unit Tests","",""
"Verifies pending 001 pending expiry.","5115","it_pending_001_pending_expiry","Near Citizens House","Fri Feb 20 13:58:38 UTC 2026","passed","Fri Feb 20 13:58:43 UTC 2026","Snapshots","Governance Integration Tests","",""
"","0","pending -> failed (pending_expired) after scheduled start","deriveProposalTimelineModel lifecycle coverage (contract-aligned)","Fri Feb 20 13:10:51 UTC 2026","passed","Fri Feb 20 13:10:51 UTC 2026","","","",""
"Verifies config 002 update voting period during active affects only future proposals.","7130","it_config_002_update_voting_period_during_active","Near Citizens House","Fri Feb 20 13:49:37 UTC 2026","passed","Fri Feb 20 13:49:45 UTC 2026","Configuration","Governance Integration Tests","",""
"","1","rejects malformed FunctionCall","Near Citizens House","Fri Feb 20 13:10:51 UTC 2026","passed","Fri Feb 20 13:10:51 UTC 2026","External Boundary Validation > nearAccessKeyResponseSchema","Shared Library Unit Tests","",""
"Verifies that list_verifications pagination works correctly with multiple verified accounts.","5596","test_list_verifications_pagination","Near Citizens House","Fri Feb 20 13:20:55 UTC 2026","passed","Fri Feb 20 13:21:01 UTC 2026","Signature Verification","Verified Accounts Integration Tests","",""
"","1","prioritizes pending proposal state even when wallet is disconnected","deriveVotePanelState","Fri Feb 20 13:10:51 UTC 2026","passed","Fri Feb 20 13:10:51 UTC 2026","","","",""
"","1","test_verification_summary_json_invalid_timestamp_type_fails","Near Citizens House","Fri Feb 20 13:13:26 UTC 2026","passed","Fri Feb 20 13:13:26 UTC 2026","Validation","Verified Accounts Interface Tests","",""
"","0","extracts error message from Error objects","Near Citizens House","Fri Feb 20 13:10:51 UTC 2026","passed","Fri Feb 20 13:10:51 UTC 2026","error message formatting","Backend Key Registration Unit Tests","",""
"","0","should parse valid plain JSON input","Near Citizens House","Fri Feb 20 13:10:51 UTC 2026","passed","Fri Feb 20 13:10:51 UTC 2026","NEP-413 Verification > parseUserContextData > Happy Path","Shared Library Unit Tests","",""
"Verifies that get_verifications rejects batch queries exceeding maximum size of 100 accounts.","65","test_batch_size_exceeded_get_verifications","Near Citizens House","Fri Feb 20 13:13:26 UTC 2026","passed","Fri Feb 20 13:13:26 UTC 2026","Input Validation","Verified Accounts Unit Tests","",""
"","0","shows connect prompt for active proposal when wallet is disconnected","deriveVotePanelState","Fri Feb 20 13:10:51 UTC 2026","passed","Fri Feb 20 13:10:51 UTC 2026","","","",""
"","0","returns key for valid index 0-9","Near Citizens House","Fri Feb 20 13:10:51 UTC 2026","passed","Fri Feb 20 13:10:51 UTC 2026","BackendKeyPool > getKeyByIndex","Backend Key Pool Unit Tests","",""
"","0","recognizes 'already used' error pattern","Near Citizens House","Fri Feb 20 13:10:51 UTC 2026","passed","Fri Feb 20 13:10:51 UTC 2026","isAlreadyExistsError (tested via message patterns)","Backend Key Registration Unit Tests","",""
"","0","accepts 0x + 40 lowercase hex chars","Near Citizens House","Fri Feb 20 13:10:51 UTC 2026","passed","Fri Feb 20 13:10:51 UTC 2026","NEAR Account Validation > ethImplicitAccountSchema > valid ETH-implicit accounts","Shared Library Unit Tests","",""
"","0","prefers vote_rejected when both vote events exist","resolveGovernanceVoteOutcome","Fri Feb 20 13:10:51 UTC 2026","passed","Fri Feb 20 13:10:51 UTC 2026","","","",""
"","0","rejects accounts ending with separator","Near Citizens House","Fri Feb 20 13:10:51 UTC 2026","passed","Fri Feb 20 13:10:51 UTC 2026","NEAR Account Validation > nearNamedAccountSchema > invalid named accounts","Shared Library Unit Tests","",""
"","5","should reject signature from wrong signer","Near Citizens House","Fri Feb 20 13:10:51 UTC 2026","passed","Fri Feb 20 13:10:51 UTC 2026","NEP-413 Verification > verifyNearSignature > Negative Tests","Shared Library Unit Tests","",""
"Verifies sec 002 non admin cannot call admin methods.","13170","it_sec_002_non_admin_cannot_call_admin_methods","Near Citizens House","Fri Feb 20 13:58:14 UTC 2026","passed","Fri Feb 20 13:58:27 UTC 2026","Security","Governance Integration Tests","",""
"","0","returns 10","Near Citizens House","Fri Feb 20 13:10:51 UTC 2026","passed","Fri Feb 20 13:10:51 UTC 2026","BackendKeyPool > getPoolSize","Backend Key Pool Unit Tests","",""
"Verifies block 016 blocklisting all verified accounts yields zero snapshot and non-votable proposal.","11654","it_block_016_all_verified_blocklisted_yields_zero_snapshot","Near Citizens House","Fri Feb 20 13:42:51 UTC 2026","passed","Fri Feb 20 13:43:03 UTC 2026","Blocklist","Governance Integration Tests","",""
"Verifies prop err 004 start at before created.","4096","it_prop_err_004_start_at_before_created","Near Citizens House","Fri Feb 20 13:56:58 UTC 2026","passed","Fri Feb 20 13:57:02 UTC 2026","Proposals","Governance Integration Tests","",""
"","2","should have externalUserId as required (used for NEAR account mapping)","SumSub webhook schema drift detection","Fri Feb 20 13:10:51 UTC 2026","passed","Fri Feb 20 13:10:51 UTC 2026","","","",""
"Verifies block 008 blocklist subtraction in snapshot.","16698","it_block_008_blocklist_subtraction_in_snapshot","Near Citizens House","Fri Feb 20 13:39:38 UTC 2026","passed","Fri Feb 20 13:39:55 UTC 2026","Blocklist","Governance Integration Tests","",""
"Verifies all read-only view functions return correct values for empty contract state.","27","test_read_functions","Near Citizens House","Fri Feb 20 13:13:26 UTC 2026","passed","Fri Feb 20 13:13:26 UTC 2026","Read Functions","Verified Accounts Unit Tests","",""
"","0","accepts accounts with underscores and hyphens","Near Citizens House","Fri Feb 20 13:10:51 UTC 2026","passed","Fri Feb 20 13:10:51 UTC 2026","NEAR Account Validation > nearNamedAccountSchema > valid named accounts","Shared Library Unit Tests","",""
"","0","recognizes 'timeout' as retryable","Near Citizens House","Fri Feb 20 13:10:51 UTC 2026","passed","Fri Feb 20 13:10:51 UTC 2026","isRetryableError (tested via message patterns)","Backend Key Registration Unit Tests","",""
"","0","test_verification_json_missing_user_context_data_fails","Near Citizens House","Fri Feb 20 13:13:26 UTC 2026","passed","Fri Feb 20 13:13:26 UTC 2026","Validation","Verified Accounts Interface Tests","",""
"","0","returns eligible state when all conditions pass","deriveVotePanelState","Fri Feb 20 13:10:51 UTC 2026","passed","Fri Feb 20 13:10:51 UTC 2026","","","",""
"Verifies pagination and batch queries return correct data when contract has verified accounts.","48","test_read_functions_with_verified_accounts","Near Citizens House","Fri Feb 20 13:13:26 UTC 2026","passed","Fri Feb 20 13:13:26 UTC 2026","Read Functions","Verified Accounts Unit Tests","",""
"Verifies that an already verified account cannot be verified again.","4075","test_account_already_verified_rejected","Near Citizens House","Fri Feb 20 13:20:55 UTC 2026","passed","Fri Feb 20 13:20:59 UTC 2026","Signature Verification","Verified Accounts Integration Tests","",""
"","0","should produce different hash for different recipients","Near Citizens House","Fri Feb 20 13:10:51 UTC 2026","passed","Fri Feb 20 13:10:51 UTC 2026","NEP-413 Verification > computeNep413Hash > Happy Path","Shared Library Unit Tests","",""
"","0","accepts FunctionCall with null allowance","Near Citizens House","Fri Feb 20 13:10:51 UTC 2026","passed","Fri Feb 20 13:10:51 UTC 2026","External Boundary Validation > nearAccessKeyResponseSchema","Shared Library Unit Tests","",""
"Verifies that only the backend wallet can store verifications and unauthorized accounts are rejected.","66","test_unauthorized_write","Near Citizens House","Fri Feb 20 13:13:26 UTC 2026","passed","Fri Feb 20 13:13:26 UTC 2026","Access Control","Verified Accounts Unit Tests","",""
"","0","test_verification_serialization","Near Citizens House","Fri Feb 20 13:13:26 UTC 2026","passed","Fri Feb 20 13:13:26 UTC 2026","Serialization","Verified Accounts Interface Tests","",""
"","0","derives all 10 keys as unique","Near Citizens House","Fri Feb 20 13:10:51 UTC 2026","passed","Fri Feb 20 13:10:51 UTC 2026","BackendKeyPool > key derivation","Backend Key Pool Unit Tests","",""
"Verifies block 013 quorum threshold tracks blocklist and unblocklist across proposal rounds.","69516","it_block_013_quorum_tracks_blocklist_and_unblocklist_across_rounds","Near Citizens House","Fri Feb 20 13:41:08 UTC 2026","passed","Fri Feb 20 13:42:18 UTC 2026","Blocklist","Governance Integration Tests","",""
"","0","active -> failed (rejected) after finalize","deriveProposalTimelineModel lifecycle coverage (contract-aligned)","Fri Feb 20 13:10:51 UTC 2026","passed","Fri Feb 20 13:10:51 UTC 2026","","","",""
"","0","rejects invalid vote choices","castVoteArgsSchema","Fri Feb 20 13:10:51 UTC 2026","passed","Fri Feb 20 13:10:51 UTC 2026","","","",""
"","0","rejects non-numeric nonce","Near Citizens House","Fri Feb 20 13:10:51 UTC 2026","passed","Fri Feb 20 13:10:51 UTC 2026","External Boundary Validation > nearAccessKeyResponseSchema","Shared Library Unit Tests","",""
"Verifies vote async 002 callback executes after finalize.","18200","it_vote_async_002_callback_executes_after_finalize","Near Citizens House","Fri Feb 20 14:01:44 UTC 2026","passed","Fri Feb 20 14:02:02 UTC 2026","Async Voting","Governance Integration Tests","",""
"","0","recognizes 'expired' as retryable","Near Citizens House","Fri Feb 20 13:10:51 UTC 2026","passed","Fri Feb 20 13:10:51 UTC 2026","isRetryableError (tested via message patterns)","Backend Key Registration Unit Tests","",""
"","0","returns tx_failed when execution fails","resolveGovernanceVoteOutcome","Fri Feb 20 13:10:51 UTC 2026","passed","Fri Feb 20 13:10:51 UTC 2026","","","",""
"","0","rejects negative proposal IDs","castVoteArgsSchema","Fri Feb 20 13:10:51 UTC 2026","passed","Fri Feb 20 13:10:51 UTC 2026","","","",""
"","0","classifies not_verified relay errors","relay vote response classification","Fri Feb 20 13:10:51 UTC 2026","passed","Fri Feb 20 13:10:51 UTC 2026","","","",""
"","1","should produce different hash for different nonces","Near Citizens House","Fri Feb 20 13:10:51 UTC 2026","passed","Fri Feb 20 13:10:51 UTC 2026","NEP-413 Verification > computeNep413Hash > Happy Path","Shared Library Unit Tests","",""
"
## Purpose
Verifies the complete happy path for storing a verified account with real ED25519 cryptographic signatures.

## Preconditions
- Backend wallet is configured as contract owner
- User has a valid ED25519 keypair
- NEP-413 signature is properly formatted and valid

## Expected Behavior
1. Verification is stored without panic
2. Account is marked as verified
3. Verified count increments to 1
4. `verification_stored` event is emitted with correct JSON format
5. Account data is retrievable
","26","test_happy_path_store_verification","Near Citizens House","Fri Feb 20 13:13:26 UTC 2026","passed","Fri Feb 20 13:13:26 UTC 2026","Store Verification","Verified Accounts Unit Tests","",""
"Upgrade test: Pagination works correctly after upgrade.","8671","test_upgrade_pagination_works","Near Citizens House","Fri Feb 20 13:20:56 UTC 2026","passed","Fri Feb 20 13:21:05 UTC 2026","Versioning","Verified Accounts Integration Tests","",""
"","0","resolves default manifest path by network","deterministic voter manifest helpers","Fri Feb 20 13:10:51 UTC 2026","passed","Fri Feb 20 13:10:51 UTC 2026","","","",""
"Alias test to align documentation naming; asserts backend wallet update succeeds and persists.","21","test_update","Near Citizens House","Fri Feb 20 13:13:26 UTC 2026","passed","Fri Feb 20 13:13:26 UTC 2026","Backend Wallet Management","Verified Accounts Unit Tests","",""
"Verifies that the backend wallet can pause and unpause the contract correctly.","3712","test_authorized_pause_unpause","Near Citizens House","Fri Feb 20 13:20:52 UTC 2026","passed","Fri Feb 20 13:20:55 UTC 2026","Access Control","Verified Accounts Integration Tests","",""
"","0","stops optimistic aggregates when vote appears in server votes list","optimistic vote reconciliation","Fri Feb 20 13:10:51 UTC 2026","passed","Fri Feb 20 13:10:51 UTC 2026","","","",""
"Migrate function test: migrate() should fail if called by non-contract account. The #[private] attribute ensures only the contract account can call migrate().","4115","test_migrate_fails_when_called_by_non_contract_account","Near Citizens House","Fri Feb 20 13:20:55 UTC 2026","passed","Fri Feb 20 13:21:00 UTC 2026","Versioning","Verified Accounts Integration Tests","",""
"","0","recognizes '429' as retryable","Near Citizens House","Fri Feb 20 13:10:51 UTC 2026","passed","Fri Feb 20 13:10:51 UTC 2026","isRetryableError (tested via message patterns)","Backend Key Registration Unit Tests","",""
"Verifies sec 006 adding existing admin is rejected.","4100","it_sec_006_add_existing_admin_rejected","Near Citizens House","Fri Feb 20 13:58:34 UTC 2026","passed","Fri Feb 20 13:58:38 UTC 2026","Security","Governance Integration Tests","",""
"","0","accepts response without optional fields","Near Citizens House","Fri Feb 20 13:10:51 UTC 2026","passed","Fri Feb 20 13:10:51 UTC 2026","External Boundary Validation > nearAccessKeyResponseSchema","Shared Library Unit Tests","",""
"","0","accepts granular sumsub events","Analytics Event Type Safety","Fri Feb 20 13:10:51 UTC 2026","passed","Fri Feb 20 13:10:51 UTC 2026","","valid events compile correctly","",""
"
## Purpose
Verifies that StorageKey enum discriminants remain constant across contract versions.
These discriminants are used as storage prefixes for NEAR SDK collections.

## Why This Matters
- If StorageKey::Accounts changes from 0x00 to 0x01, all existing verifications become orphaned
- This is a **silent data corruption** bug - contract deploys but data is lost
- Borsh uses enum declaration order to assign discriminants (0x00, 0x01, 0x02...)

## Expected Values
- Accounts: 0x00
","0","test_storage_key_discriminants_are_stable","Near Citizens House","Fri Feb 20 13:13:26 UTC 2026","passed","Fri Feb 20 13:13:26 UTC 2026","Storage Stability","Verified Accounts Unit Tests","",""
"","2","derives unique keys across indices","deterministic voter key helpers","Fri Feb 20 13:10:51 UTC 2026","passed","Fri Feb 20 13:10:51 UTC 2026","","","",""
"","0","should have applicantId as required","SumSub webhook schema drift detection","Fri Feb 20 13:10:51 UTC 2026","passed","Fri Feb 20 13:10:51 UTC 2026","","","",""
"Verifies sec 001 all admin functions require one yocto.","11152","it_sec_001_all_admin_functions_require_one_yocto","Near Citizens House","Fri Feb 20 13:58:03 UTC 2026","passed","Fri Feb 20 13:58:14 UTC 2026","Security","Governance Integration Tests","",""
"Upgrade test: Full verification data readable after upgrade.","4624","test_upgrade_full_verification_readable","Near Citizens House","Fri Feb 20 13:20:56 UTC 2026","passed","Fri Feb 20 13:21:01 UTC 2026","Versioning","Verified Accounts Integration Tests","",""
"Verifies block 014 blocklisting unverified accounts does not change snapshots or quorum.","24730","it_block_014_unverified_blocklist_does_not_affect_snapshot_or_quorum","Near Citizens House","Fri Feb 20 13:42:18 UTC 2026","passed","Fri Feb 20 13:42:42 UTC 2026","Blocklist","Governance Integration Tests","",""
"","0","should return null for missing required fields","Near Citizens House","Fri Feb 20 13:10:51 UTC 2026","passed","Fri Feb 20 13:10:51 UTC 2026","NEP-413 Verification > parseUserContextData > Negative Tests","Shared Library Unit Tests","",""
"","0","returns exactly 10 public keys","Near Citizens House","Fri Feb 20 13:10:51 UTC 2026","passed","Fri Feb 20 13:10:51 UTC 2026","BackendKeyPool > getAllPublicKeys","Backend Key Pool Unit Tests","",""
"Verifies config 007 update min bond during active.","6118","it_config_007_update_min_bond_during_active","Near Citizens House","Fri Feb 20 13:50:27 UTC 2026","passed","Fri Feb 20 13:50:33 UTC 2026","Configuration","Governance Integration Tests","",""
"","3","returns true for valid accounts","Near Citizens House","Fri Feb 20 13:10:51 UTC 2026","passed","Fri Feb 20 13:10:51 UTC 2026","NEAR Account Validation > isValidNearAccountId","Shared Library Unit Tests","",""
"Verifies that pagination returns empty when from_index is beyond existing data.","2772","test_pagination_from_index_beyond_data","Near Citizens House","Fri Feb 20 13:20:52 UTC 2026","passed","Fri Feb 20 13:20:54 UTC 2026","Pagination","Verified Accounts Integration Tests","",""
"Verifies sec 003 004 005 private callbacks rejected.","6129","it_sec_003_004_005_private_callbacks_rejected","Near Citizens House","Fri Feb 20 13:58:27 UTC 2026","passed","Fri Feb 20 13:58:34 UTC 2026","Security","Governance Integration Tests","",""
"","0","converts non-Error objects to string","Near Citizens House","Fri Feb 20 13:10:51 UTC 2026","passed","Fri Feb 20 13:10:51 UTC 2026","error message formatting","Backend Key Registration Unit Tests","",""
"Verifies block 003 blocklist lock during active proposal.","6110","it_block_003_blocklist_lock_during_active_proposal","Near Citizens House","Fri Feb 20 13:38:56 UTC 2026","passed","Fri Feb 20 13:39:02 UTC 2026","Blocklist","Governance Integration Tests","",""
"","1","accepts valid verification events","Analytics Event Type Safety","Fri Feb 20 13:10:51 UTC 2026","passed","Fri Feb 20 13:10:51 UTC 2026","","valid events compile correctly","",""
"","0","should handle special characters in message","Near Citizens House","Fri Feb 20 13:10:51 UTC 2026","passed","Fri Feb 20 13:10:51 UTC 2026","NEP-413 Verification > computeNep413Hash > Edge Cases","Shared Library Unit Tests","",""
"Verifies block 019 async blocklist callback vs stale-clear race keeps invariants intact.","27257","it_block_019_async_blocklist_clear_race_invariants","Near Citizens House","Fri Feb 20 13:47:05 UTC 2026","passed","Fri Feb 20 13:47:32 UTC 2026","Blocklist","Governance Integration Tests","",""
"","2","should handle 64-byte signature (Ed25519 standard)","Near Citizens House","Fri Feb 20 13:10:51 UTC 2026","passed","Fri Feb 20 13:10:51 UTC 2026","NEP-413 Verification > verifyNearSignature > Boundary Tests","Shared Library Unit Tests","",""
"Verifies refund 008 zero refund when deposit equals storage cost.","10646","it_refund_008_zero_refund_when_deposit_equals_storage_cost","Near Citizens House","Fri Feb 20 14:00:06 UTC 2026","passed","Fri Feb 20 14:00:17 UTC 2026","Storage","Governance Integration Tests","",""
"Verifies e2e 010 lifecycle continuity after cancel.","7112","it_e2e_010_lifecycle_continuity_after_cancel","Near Citizens House","Fri Feb 20 13:54:20 UTC 2026","passed","Fri Feb 20 13:54:27 UTC 2026","End-to-End","Governance Integration Tests","",""
"","2","uses a distinct namespace from worker key derivation","deterministic voter key helpers","Fri Feb 20 13:10:51 UTC 2026","passed","Fri Feb 20 13:10:51 UTC 2026","","","",""
"","0","accepts implicit accounts","Near Citizens House","Fri Feb 20 13:10:51 UTC 2026","passed","Fri Feb 20 13:10:51 UTC 2026","NEAR Account Validation > nearAccountIdSchema","Shared Library Unit Tests","",""
"","0","should return error for malformed signature","Near Citizens House","Fri Feb 20 13:10:51 UTC 2026","passed","Fri Feb 20 13:10:51 UTC 2026","NEP-413 Verification > verifyNearSignature > Negative Tests","Shared Library Unit Tests","",""
"","0","rejects errors event without required stage","Analytics Event Type Safety","Fri Feb 20 13:10:51 UTC 2026","passed","Fri Feb 20 13:10:51 UTC 2026","","invalid events cause type errors","",""
"Verifies that unicode characters in user_context_data are handled correctly.","3849","test_unicode_in_user_context_data","Near Citizens House","Fri Feb 20 13:20:52 UTC 2026","passed","Fri Feb 20 13:20:56 UTC 2026","Edge Cases","Verified Accounts Integration Tests","",""
"Verifies block 001 add blocklist verified account.","29234","it_block_001_add_blocklist_verified_account","Near Citizens House","Fri Feb 20 13:38:22 UTC 2026","passed","Fri Feb 20 13:38:51 UTC 2026","Blocklist","Governance Integration Tests","",""
"","0","returns citizens-impact tags for blocklist updates","rpc-tags helpers","Fri Feb 20 13:10:51 UTC 2026","passed","Fri Feb 20 13:10:51 UTC 2026","","","",""
"Verifies mig 002 migrate preserves state.","9146","it_mig_002_migrate_preserves_state","Near Citizens House","Fri Feb 20 13:56:31 UTC 2026","passed","Fri Feb 20 13:56:40 UTC 2026","Migration","Governance Integration Tests","",""
"Verifies final 001 finalize blocked by pending votes before grace.","17178","it_final_001_finalize_blocked_by_pending_votes_before_grace","Near Citizens House","Fri Feb 20 13:56:03 UTC 2026","passed","Fri Feb 20 13:56:20 UTC 2026","Finalize","Governance Integration Tests","",""
"","0","test_verification_summary_serialization","Near Citizens House","Fri Feb 20 13:13:26 UTC 2026","passed","Fri Feb 20 13:13:26 UTC 2026","Serialization","Verified Accounts Interface Tests","",""
"Verifies prop err 005 expire pending not pending.","6110","it_prop_err_005_expire_pending_not_pending","Near Citizens House","Fri Feb 20 13:57:02 UTC 2026","passed","Fri Feb 20 13:57:08 UTC 2026","Proposals","Governance Integration Tests","",""
"","0","rejects uppercase 0X prefix","Near Citizens House","Fri Feb 20 13:10:51 UTC 2026","passed","Fri Feb 20 13:10:51 UTC 2026","NEAR Account Validation > ethImplicitAccountSchema > invalid ETH-implicit accounts","Shared Library Unit Tests","",""
"","0","active during voting","deriveProposalTimelineModel lifecycle coverage (contract-aligned)","Fri Feb 20 13:10:51 UTC 2026","passed","Fri Feb 20 13:10:51 UTC 2026","","","",""
"","1","formats UTC date and datetime without local timezone drift","governance date utilities","Fri Feb 20 13:10:51 UTC 2026","passed","Fri Feb 20 13:10:51 UTC 2026","","","",""
"","0","supports static tense labels when countdown text is disabled","deriveProposalTimelineModel title modes","Fri Feb 20 13:10:51 UTC 2026","passed","Fri Feb 20 13:10:51 UTC 2026","","","",""
"","0","shows post-snapshot verification ineligible state","deriveVotePanelState","Fri Feb 20 13:10:51 UTC 2026","passed","Fri Feb 20 13:10:51 UTC 2026","","","",""
"","0","active (in-window) -> cancelled","deriveProposalTimelineModel lifecycle coverage (contract-aligned)","Fri Feb 20 13:10:51 UTC 2026","passed","Fri Feb 20 13:10:51 UTC 2026","","","",""
"Verifies config 001 update quorum while active.","6113","it_config_001_update_quorum_while_active","Near Citizens House","Fri Feb 20 13:49:31 UTC 2026","passed","Fri Feb 20 13:49:37 UTC 2026","Configuration","Governance Integration Tests","",""
"Verifies config 010 increase grace blocks finalize.","24724","it_config_010_increase_grace_blocks_finalize","Near Citizens House","Fri Feb 20 13:50:45 UTC 2026","passed","Fri Feb 20 13:51:10 UTC 2026","Configuration","Governance Integration Tests","",""
"","1","writes and reads manifests from disk","deterministic voter manifest helpers","Fri Feb 20 13:10:51 UTC 2026","passed","Fri Feb 20 13:10:51 UTC 2026","","","",""
"","0","should produce exactly 32-byte (64 hex char) output","Near Citizens House","Fri Feb 20 13:10:51 UTC 2026","passed","Fri Feb 20 13:10:51 UTC 2026","NEP-413 Verification > extractEd25519PublicKeyHex > Boundary Tests","Shared Library Unit Tests","",""
"","0","should return base64 nonce as-is","Near Citizens House","Fri Feb 20 13:10:51 UTC 2026","passed","Fri Feb 20 13:10:51 UTC 2026","NEP-413 Verification > parseUserContextData > Positive Tests","Shared Library Unit Tests","",""
"Verifies store 004 refund calculation accuracy.","7623","it_store_004_refund_calculation_accuracy","Near Citizens House","Fri Feb 20 14:00:53 UTC 2026","passed","Fri Feb 20 14:01:01 UTC 2026","Storage","Governance Integration Tests","",""
"Verifies that all-zeros nonce (edge case - weak randomness) is accepted.","3759","test_nonce_all_zeros","Near Citizens House","Fri Feb 20 13:20:52 UTC 2026","passed","Fri Feb 20 13:20:55 UTC 2026","Edge Cases","Verified Accounts Integration Tests","",""
"","0","allows /proposals/admin outside voting mode when override is enabled","proxy governance admin route override","Fri Feb 20 13:10:52 UTC 2026","passed","Fri Feb 20 13:10:52 UTC 2026","","","",""
"Verifies refund 009 no transfer when voting is free.","7116","it_refund_009_no_transfer_when_voting_is_free","Near Citizens House","Fri Feb 20 14:00:17 UTC 2026","passed","Fri Feb 20 14:00:24 UTC 2026","Storage","Governance Integration Tests","",""
"","1","accepts FunctionCall permission","Near Citizens House","Fri Feb 20 13:10:51 UTC 2026","passed","Fri Feb 20 13:10:51 UTC 2026","External Boundary Validation > nearAccessKeyResponseSchema","Shared Library Unit Tests","",""
"Verifies that verified_at matches the block timestamp when the verification was stored.","35","test_verification_timestamp_matches_block_time","Near Citizens House","Fri Feb 20 13:13:26 UTC 2026","passed","Fri Feb 20 13:13:26 UTC 2026","Store Verification","Verified Accounts Unit Tests","",""
"Migrate function test: Explicitly call migrate() after upgrading to V2. This tests the #[init(ignore_state)] + #[private] migration pattern. The migrate() function should read the existing V1 state and return it (no transformation in current version).","5623","test_migrate_function_explicit_call","Near Citizens House","Fri Feb 20 13:20:56 UTC 2026","passed","Fri Feb 20 13:21:01 UTC 2026","Versioning","Verified Accounts Integration Tests","",""
"Verifies that only the backend wallet can pause the contract and unauthorized accounts are rejected.","37","test_unauthorized_pause","Near Citizens House","Fri Feb 20 13:13:26 UTC 2026","passed","Fri Feb 20 13:13:26 UTC 2026","Pause/Unpause","Verified Accounts Unit Tests","",""
"","1","shows ended-with-vote when vote exists","deriveVotePanelState","Fri Feb 20 13:10:51 UTC 2026","passed","Fri Feb 20 13:10:51 UTC 2026","","","",""
"","0","returns Account with correct account ID","Near Citizens House","Fri Feb 20 13:10:51 UTC 2026","passed","Fri Feb 20 13:10:51 UTC 2026","BackendKeyPool > Redis round-robin","Backend Key Pool Unit Tests","",""
"Verifies block 015 pending blocklist op blocks proposal creation until stale op is cleared.","9001","it_block_015_pending_blocklist_op_blocks_proposal_until_cleared","Near Citizens House","Fri Feb 20 13:42:42 UTC 2026","passed","Fri Feb 20 13:42:51 UTC 2026","Blocklist","Governance Integration Tests","",""
"","3","should compute hash for valid message/nonce/recipient","Near Citizens House","Fri Feb 20 13:10:51 UTC 2026","passed","Fri Feb 20 13:10:51 UTC 2026","NEP-413 Verification > computeNep413Hash > Happy Path","Shared Library Unit Tests","",""
"","2","should reject signature for wrong nonce","Near Citizens House","Fri Feb 20 13:10:51 UTC 2026","passed","Fri Feb 20 13:10:51 UTC 2026","NEP-413 Verification > verifyNearSignature > Negative Tests","Shared Library Unit Tests","",""
"","1","rejects all invalid examples from NEAR spec","Near Citizens House","Fri Feb 20 13:10:51 UTC 2026","passed","Fri Feb 20 13:10:51 UTC 2026","NEAR Account Validation > nearNamedAccountSchema > invalid named accounts","Shared Library Unit Tests","",""
"","2","should verify signature with unicode challenge","Near Citizens House","Fri Feb 20 13:10:51 UTC 2026","passed","Fri Feb 20 13:10:51 UTC 2026","NEP-413 Verification > verifyNearSignature > Positive Tests","Shared Library Unit Tests","",""
"","0","accepts valid consent events","Analytics Event Type Safety","Fri Feb 20 13:10:51 UTC 2026","passed","Fri Feb 20 13:10:51 UTC 2026","","valid events compile correctly","",""
"Verifies block 010 blocklisted vote rejected while valid vote counts.","8638","it_block_010_verified_and_blocklisted_voter_rejected","Near Citizens House","Fri Feb 20 13:40:12 UTC 2026","passed","Fri Feb 20 13:40:21 UTC 2026","Blocklist","Governance Integration Tests","",""
"","0","identifies ETH-implicit accounts","Near Citizens House","Fri Feb 20 13:10:51 UTC 2026","passed","Fri Feb 20 13:10:51 UTC 2026","NEAR Account Validation > getNearAccountType","Shared Library Unit Tests","",""
"","0","shows blocklisted ineligible state","deriveVotePanelState","Fri Feb 20 13:10:51 UTC 2026","passed","Fri Feb 20 13:10:51 UTC 2026","","","",""
"","0","should handle unicode messages correctly","Near Citizens House","Fri Feb 20 13:10:51 UTC 2026","passed","Fri Feb 20 13:10:51 UTC 2026","NEP-413 Verification > computeNep413Hash > Edge Cases","Shared Library Unit Tests","",""
"","0","derives different keys for different indices","Near Citizens House","Fri Feb 20 13:10:51 UTC 2026","passed","Fri Feb 20 13:10:51 UTC 2026","BackendKeyPool > key derivation","Backend Key Pool Unit Tests","",""
"Verifies that calling pause() when already paused fails with descriptive error.","65","test_double_pause_rejected","Near Citizens House","Fri Feb 20 13:13:26 UTC 2026","passed","Fri Feb 20 13:13:26 UTC 2026","Pause/Unpause","Verified Accounts Unit Tests","",""
"","0","active (scheduled) -> cancelled before start","deriveProposalTimelineModel lifecycle coverage (contract-aligned)","Fri Feb 20 13:10:51 UTC 2026","passed","Fri Feb 20 13:10:51 UTC 2026","","","",""
"","0","maps admin and blocklist contract codes to readable messages","getTransactionFailureMessage","Fri Feb 20 13:10:51 UTC 2026","passed","Fri Feb 20 13:10:51 UTC 2026","","","",""
"","0","accepts named accounts","Near Citizens House","Fri Feb 20 13:10:51 UTC 2026","passed","Fri Feb 20 13:10:51 UTC 2026","NEAR Account Validation > nearAccountIdSchema","Shared Library Unit Tests","",""
"","0","pending -> failed (pending_expired) before start","deriveProposalTimelineModel lifecycle coverage (contract-aligned)","Fri Feb 20 13:10:51 UTC 2026","passed","Fri Feb 20 13:10:51 UTC 2026","","","",""
"Verifies that store_verification accepts maximum-length inputs for user context data.","31","test_stress_max_length_inputs","Near Citizens House","Fri Feb 20 13:13:26 UTC 2026","passed","Fri Feb 20 13:13:26 UTC 2026","Stress Tests","Verified Accounts Unit Tests","",""
"","0","recognizes 'Exceeded' as retryable","Near Citizens House","Fri Feb 20 13:10:51 UTC 2026","passed","Fri Feb 20 13:10:51 UTC 2026","isRetryableError (tested via message patterns)","Backend Key Registration Unit Tests","",""
"Verifies prop err 002 insufficient bond.","4093","it_prop_err_002_insufficient_bond","Near Citizens House","Fri Feb 20 13:56:49 UTC 2026","passed","Fri Feb 20 13:56:53 UTC 2026","Proposals","Governance Integration Tests","",""
"Verifies that unauthorized accounts cannot pause the contract. Security-critical test.","3725","test_unauthorized_pause","Near Citizens House","Fri Feb 20 13:20:52 UTC 2026","passed","Fri Feb 20 13:20:55 UTC 2026","Access Control","Verified Accounts Integration Tests","",""
"","2","upserts records and keeps deterministic index ordering","deterministic voter manifest helpers","Fri Feb 20 13:10:51 UTC 2026","passed","Fri Feb 20 13:10:51 UTC 2026","","","",""
"","3","should verify valid signature from correct signer","Near Citizens House","Fri Feb 20 13:10:51 UTC 2026","passed","Fri Feb 20 13:10:51 UTC 2026","NEP-413 Verification > verifyNearSignature > Happy Path","Shared Library Unit Tests","",""
"","1","rejects unknown permission type","Near Citizens House","Fri Feb 20 13:10:51 UTC 2026","passed","Fri Feb 20 13:10:51 UTC 2026","External Boundary Validation > nearAccessKeyResponseSchema","Shared Library Unit Tests","",""
"","2","normalizes proposal pagination to supported page sizes","rpc-tags helpers","Fri Feb 20 13:10:51 UTC 2026","passed","Fri Feb 20 13:10:51 UTC 2026","","","",""
"Verifies refund 002 full refund on not verified.","8117","it_refund_002_full_refund_on_not_verified","Near Citizens House","Fri Feb 20 13:59:00 UTC 2026","passed","Fri Feb 20 13:59:08 UTC 2026","Storage","Governance Integration Tests","",""
"","0","keys are valid ed25519 public keys","Near Citizens House","Fri Feb 20 13:10:51 UTC 2026","passed","Fri Feb 20 13:10:51 UTC 2026","BackendKeyPool > key derivation","Backend Key Pool Unit Tests","",""
"Verifies that unauthorized accounts cannot store verifications. Security-critical test.","4244","test_unauthorized_store_verification","Near Citizens House","Fri Feb 20 13:20:52 UTC 2026","passed","Fri Feb 20 13:20:56 UTC 2026","Access Control","Verified Accounts Integration Tests","",""
"","0","accepts valid error events","Analytics Event Type Safety","Fri Feb 20 13:10:51 UTC 2026","passed","Fri Feb 20 13:10:51 UTC 2026","","valid events compile correctly","",""
"Verifies event 001 all mutating actions emit events.","29601","it_event_001_all_mutating_actions_emit_events","Near Citizens House","Fri Feb 20 13:55:26 UTC 2026","passed","Fri Feb 20 13:55:56 UTC 2026","Events","Governance Integration Tests","",""
"","2","validates a scheduled proposal within contract limits","governance proposal validation","Fri Feb 20 13:10:51 UTC 2026","passed","Fri Feb 20 13:10:51 UTC 2026","","","",""
"","0","rejects uppercase hex","Near Citizens House","Fri Feb 20 13:10:51 UTC 2026","passed","Fri Feb 20 13:10:51 UTC 2026","NEAR Account Validation > ethImplicitAccountSchema > invalid ETH-implicit accounts","Shared Library Unit Tests","",""
"Verifies event 002 admin wallet still requires verification to vote.","7629","it_event_002_admin_wallet_still_requires_verification_to_vote","Near Citizens House","Fri Feb 20 13:55:56 UTC 2026","passed","Fri Feb 20 13:56:03 UTC 2026","Events","Governance Integration Tests","",""
"","0","should accept a valid minimal webhook payload","SumSub webhook schema drift detection","Fri Feb 20 13:10:51 UTC 2026","passed","Fri Feb 20 13:10:51 UTC 2026","","","",""
"Verifies vote async 001 submitted before end callback after end.","18681","it_vote_async_001_submitted_before_end_callback_after_end","Near Citizens House","Fri Feb 20 14:01:25 UTC 2026","passed","Fri Feb 20 14:01:44 UTC 2026","Async Voting","Governance Integration Tests","",""
"","0","handles object errors","Near Citizens House","Fri Feb 20 13:10:51 UTC 2026","passed","Fri Feb 20 13:10:51 UTC 2026","error message formatting","Backend Key Registration Unit Tests","",""
"Verifies refund 005 full refund on post finalize.","17560","it_refund_005_full_refund_on_post_finalize","Near Citizens House","Fri Feb 20 13:59:24 UTC 2026","failed","Fri Feb 20 13:59:41 UTC 2026","Storage","Governance Integration Tests","",""
"","0","active (post-end) -> cancelled","deriveProposalTimelineModel lifecycle coverage (contract-aligned)","Fri Feb 20 13:10:51 UTC 2026","passed","Fri Feb 20 13:10:51 UTC 2026","","","",""
"","0","rejects separators at subaccount part boundaries","Near Citizens House","Fri Feb 20 13:10:51 UTC 2026","passed","Fri Feb 20 13:10:51 UTC 2026","NEAR Account Validation > nearNamedAccountSchema > invalid named accounts","Shared Library Unit Tests","",""
"","0","normalizes unknown rejection reasons","parseGovernanceVoteOutcome","Fri Feb 20 13:10:51 UTC 2026","passed","Fri Feb 20 13:10:51 UTC 2026","","","",""
"","1","should handle very long message","Near Citizens House","Fri Feb 20 13:10:51 UTC 2026","passed","Fri Feb 20 13:10:51 UTC 2026","NEP-413 Verification > computeNep413Hash > Edge Cases","Shared Library Unit Tests","",""
"","0","parses datetime-local values and converts to nanoseconds","governance date utilities","Fri Feb 20 13:10:51 UTC 2026","passed","Fri Feb 20 13:10:51 UTC 2026","","","",""
"Verifies that storing verifications is blocked when the contract is paused.","4242","test_store_verification_when_paused","Near Citizens House","Fri Feb 20 13:20:52 UTC 2026","passed","Fri Feb 20 13:20:56 UTC 2026","Pause/Unpause","Verified Accounts Integration Tests","",""
"Test 1.1.6: Verifies that the contract can be initialized with an implicit account (64 hex chars) as backend wallet.","2652","test_init_with_implicit_account_backend","Near Citizens House","Fri Feb 20 13:20:52 UTC 2026","passed","Fri Feb 20 13:20:54 UTC 2026","Initialization","Verified Accounts Integration Tests","",""
"Verifies that nonces longer than 32 bytes are rejected.","27","test_nonce_too_long","Near Citizens House","Fri Feb 20 13:13:26 UTC 2026","passed","Fri Feb 20 13:13:26 UTC 2026","Signature Verification","Verified Accounts Unit Tests","",""
"","1","accepts standard named accounts","Near Citizens House","Fri Feb 20 13:10:51 UTC 2026","passed","Fri Feb 20 13:10:51 UTC 2026","NEAR Account Validation > nearNamedAccountSchema > valid named accounts","Shared Library Unit Tests","",""
"","0","accepts valid citizens events","Analytics Event Type Safety","Fri Feb 20 13:10:51 UTC 2026","passed","Fri Feb 20 13:10:51 UTC 2026","","valid events compile correctly","",""
"Verifies block 017 quorum ceil rounding boundaries at 3333 vs 3334 bps.","49889","it_block_017_quorum_rounding_boundaries_3333_vs_3334","Near Citizens House","Fri Feb 20 13:43:03 UTC 2026","passed","Fri Feb 20 13:43:53 UTC 2026","Blocklist","Governance Integration Tests","",""
"","1","should throw for short nonce (31 bytes)","Near Citizens House","Fri Feb 20 13:10:51 UTC 2026","passed","Fri Feb 20 13:10:51 UTC 2026","NEP-413 Verification > computeNep413Hash > Boundary Tests","Shared Library Unit Tests","",""
"","0","shows processing state when optimistic vote is pending","deriveVotePanelState","Fri Feb 20 13:10:51 UTC 2026","passed","Fri Feb 20 13:10:51 UTC 2026","","","",""
"Verifies that signature_data.recipient must match the contract account.","4180","test_recipient_mismatch","Near Citizens House","Fri Feb 20 13:20:52 UTC 2026","passed","Fri Feb 20 13:20:56 UTC 2026","Input Validation","Verified Accounts Integration Tests","",""
"","0","should reject long signature","Near Citizens House","Fri Feb 20 13:10:51 UTC 2026","passed","Fri Feb 20 13:10:51 UTC 2026","NEP-413 Verification > verifyNearSignature > Boundary Tests","Shared Library Unit Tests","",""
"","0","rejects consecutive separators","Near Citizens House","Fri Feb 20 13:10:51 UTC 2026","passed","Fri Feb 20 13:10:51 UTC 2026","NEAR Account Validation > nearNamedAccountSchema > invalid named accounts","Shared Library Unit Tests","",""
"","0","fails malformed success payloads","relay vote response classification","Fri Feb 20 13:10:51 UTC 2026","passed","Fri Feb 20 13:10:51 UTC 2026","","","",""
"","14","parses vote_cast from receipt logs","resolveGovernanceVoteOutcome","Fri Feb 20 13:10:51 UTC 2026","passed","Fri Feb 20 13:10:51 UTC 2026","","","",""
"","0","pending -> cancelled before start","deriveProposalTimelineModel lifecycle coverage (contract-aligned)","Fri Feb 20 13:10:51 UTC 2026","passed","Fri Feb 20 13:10:51 UTC 2026","","","",""
"","0","requires Redis client to be initialized","Near Citizens House","Fri Feb 20 13:10:51 UTC 2026","passed","Fri Feb 20 13:10:51 UTC 2026","BackendKeyPool > Redis round-robin","Backend Key Pool Unit Tests","",""
"Verifies that invalid signatures (all zeros) are rejected.","3581","test_invalid_signature_rejected","Near Citizens House","Fri Feb 20 13:20:55 UTC 2026","passed","Fri Feb 20 13:20:59 UTC 2026","Signature Verification","Verified Accounts Integration Tests","",""
"Verifies block 018 large blocklist pagination has no gaps/duplicates and snapshots stay correct.","192021","it_block_018_large_blocklist_pagination_and_snapshot_consistency","Near Citizens House","Fri Feb 20 13:43:53 UTC 2026","passed","Fri Feb 20 13:47:05 UTC 2026","Blocklist","Governance Integration Tests","",""
"Verifies that calling unpause() when not paused fails with descriptive error.","37","test_unpause_when_not_paused_rejected","Near Citizens House","Fri Feb 20 13:13:26 UTC 2026","passed","Fri Feb 20 13:13:26 UTC 2026","Pause/Unpause","Verified Accounts Unit Tests","",""
"","0","normalizes generic transaction prefixes for unknown errors","getTransactionFailureMessage","Fri Feb 20 13:10:51 UTC 2026","passed","Fri Feb 20 13:10:51 UTC 2026","","","",""
"Verifies prop err 008 cast vote already pending.","6616","it_prop_err_008_cast_vote_already_pending","Near Citizens House","Fri Feb 20 13:57:29 UTC 2026","passed","Fri Feb 20 13:57:35 UTC 2026","Proposals","Governance Integration Tests","",""
"","0","recognizes 'ECONNRESET' as retryable","Near Citizens House","Fri Feb 20 13:10:51 UTC 2026","passed","Fri Feb 20 13:10:51 UTC 2026","isRetryableError (tested via message patterns)","Backend Key Registration Unit Tests","",""
"Verifies that the contract initializes correctly with proper backend wallet, zero count, and unpaused state.","2675","test_contract_initialization","Near Citizens House","Fri Feb 20 13:20:52 UTC 2026","passed","Fri Feb 20 13:20:54 UTC 2026","Initialization","Verified Accounts Integration Tests","",""
"Verifies that signatures longer than 64 bytes are rejected.","17","test_signature_too_long","Near Citizens House","Fri Feb 20 13:13:26 UTC 2026","passed","Fri Feb 20 13:13:26 UTC 2026","Signature Verification","Verified Accounts Unit Tests","",""
"","0","rejects accounts longer than 64 chars","Near Citizens House","Fri Feb 20 13:10:51 UTC 2026","passed","Fri Feb 20 13:10:51 UTC 2026","NEAR Account Validation > nearNamedAccountSchema > invalid named accounts","Shared Library Unit Tests","",""
"","0","pending -> failed (zero_snapshot) before start","deriveProposalTimelineModel lifecycle coverage (contract-aligned)","Fri Feb 20 13:10:51 UTC 2026","passed","Fri Feb 20 13:10:51 UTC 2026","","","",""
"Verifies that changing the recipient after signing invalidates the signature.","20","test_signature_wrong_recipient_rejected","Near Citizens House","Fri Feb 20 13:13:26 UTC 2026","passed","Fri Feb 20 13:13:26 UTC 2026","Signature Verification","Verified Accounts Unit Tests","",""
"Verifies that pagination handles large limit values gracefully on empty data without panicking.","28","test_pagination_with_large_limit_on_empty","Near Citizens House","Fri Feb 20 13:13:26 UTC 2026","passed","Fri Feb 20 13:13:26 UTC 2026","Read Functions","Verified Accounts Unit Tests","",""
"","1","should match documented SumSub webhook fields","SumSub webhook schema drift detection","Fri Feb 20 13:10:51 UTC 2026","passed","Fri Feb 20 13:10:51 UTC 2026","","","",""
"","0","active after end before finalize","deriveProposalTimelineModel lifecycle coverage (contract-aligned)","Fri Feb 20 13:10:51 UTC 2026","passed","Fri Feb 20 13:10:51 UTC 2026","","","",""
"NEP-413 specifies tag = 2147484061 (2^31 + 413) as little-endian 4-byte prefix","0","should use correct NEP-413 tag (2^31 + 413)","Near Citizens House","Fri Feb 20 13:10:51 UTC 2026","passed","Fri Feb 20 13:10:51 UTC 2026","NEP-413 Verification > computeNep413Hash > NEP-413 Tag Verification","Shared Library Unit Tests","",""
"","0","active at end boundary","deriveProposalTimelineModel lifecycle coverage (contract-aligned)","Fri Feb 20 13:10:51 UTC 2026","passed","Fri Feb 20 13:10:51 UTC 2026","","","",""
"","0","documents post-registration verification","Near Citizens House","Fri Feb 20 13:10:51 UTC 2026","passed","Fri Feb 20 13:10:51 UTC 2026","key registration batch strategy","Backend Key Registration Unit Tests","",""
"Verifies that backend wallet can pause and unpause the contract, emitting proper events.","54","test_pause_unpause","Near Citizens House","Fri Feb 20 13:13:26 UTC 2026","passed","Fri Feb 20 13:13:26 UTC 2026","Pause/Unpause","Verified Accounts Unit Tests","",""
